filename,directory,x1,y1,x2,y2,confidence,class
photo_10@03-10-2022_08-16-30.jpg,CheMed,576.6428,380.43253,606.6428,461.3649,0.65496725,bottle
photo_10@03-10-2022_08-16-30.jpg,CheMed,504.80273,451.70038,543.1361,543.512,0.46841452,bottle
photo_10@03-10-2022_08-16-30.jpg,CheMed,610.3174,525.5266,639.52734,605.15454,0.3661338,bottle
photo_10@03-10-2022_08-16-30.jpg,CheMed,691.6568,903.7068,830.60724,1046.7551,0.3436572,remote
photo_10@03-10-2022_08-16-30.jpg,CheMed,547.9226,394.1588,578.6332,454.3977,0.32622936,bottle
photo_10@03-10-2022_08-16-30.jpg,CheMed,397.99643,506.01312,441.4249,611.6672,0.29480684,bottle
photo_10@03-10-2022_08-16-30.jpg,CheMed,602.545,390.77905,631.9495,453.20184,0.29166606,bottle
photo_10@03-10-2022_08-16-30.jpg,CheMed,273.84155,49.025818,745.9922,907.068,0.26793185,refrigerator
photo_10@03-10-2022_08-16-30.jpg,CheMed,400.04166,289.3641,444.6992,368.85507,0.26619858,bottle
photo_10@03-10-2022_08-16-30.jpg,CheMed,582.33026,536.9662,613.243,599.5239,0.26200837,bottle
photo_12@12-10-2022_17-14-19.jpg,CheMed,51.385223,380.89917,570.75256,860.4292,0.8947721,person
photo_12@12-10-2022_17-14-19.jpg,CheMed,679.1854,428.7404,1183.2272,882.28467,0.86662686,person
photo_12@12-10-2022_17-14-19.jpg,CheMed,1178.6835,59.821045,1280.0,845.0791,0.5102859,person
photo_12@12-10-2022_17-14-19.jpg,CheMed,666.40326,701.99976,712.6203,839.0383,0.26238215,chair
photo_15@18-10-2022_10-57-36.jpg,CheMed,136.31676,143.78246,589.99005,628.318,0.7558437,cell phone
photo_15@18-10-2022_10-57-36.jpg,CheMed,273.318,78.15629,811.6278,421.88895,0.45940578,book
photo_16@20-10-2022_15-24-01.jpg,CheMed,73.95907,422.91226,310.82858,693.787,0.29476875,book
photo_17@24-10-2022_12-34-19.jpg,CheMed,475.31873,147.11856,777.83295,617.0084,0.54962915,cell phone
photo_17@24-10-2022_12-34-19.jpg,CheMed,305.02927,502.64197,857.6466,782.06146,0.26944685,person
photo_18@28-10-2022_09-49-36.jpg,CheMed,736.82166,16.681366,1277.9891,727.04333,0.4813639,cup
photo_1@05-09-2022_12-57-09.jpg,CheMed,692.9684,612.08545,734.5839,655.0871,0.6780872,sports ball
photo_1@05-09-2022_12-57-09.jpg,CheMed,642.8255,652.55237,689.41364,696.1634,0.577223,sports ball
photo_1@05-09-2022_12-57-09.jpg,CheMed,770.11456,610.25885,826.86456,650.2816,0.5318232,sports ball
photo_1@05-09-2022_12-57-09.jpg,CheMed,207.61597,646.4741,261.04578,695.7009,0.4785161,sports ball
photo_1@05-09-2022_12-57-09.jpg,CheMed,619.87933,622.2957,668.8742,665.72424,0.45341107,sports ball
photo_1@05-09-2022_12-57-09.jpg,CheMed,329.2203,688.7489,388.79065,737.92847,0.44631743,sports ball
photo_1@05-09-2022_12-57-09.jpg,CheMed,703.4558,578.93097,745.9066,615.4032,0.4216789,sports ball
photo_1@05-09-2022_12-57-09.jpg,CheMed,741.15375,587.58923,791.81793,643.0265,0.34481564,sports ball
photo_1@05-09-2022_12-57-09.jpg,CheMed,798.6708,663.79425,838.4346,712.9715,0.2971896,sports ball
photo_1@05-09-2022_12-57-09.jpg,CheMed,87.24903,355.0286,908.83124,758.48145,0.27944818,cake
photo_1@05-09-2022_12-57-09.jpg,CheMed,630.46045,626.94244,686.44617,683.4022,0.26423356,sports ball
photo_20@29-10-2022_23-26-28.jpg,CheMed,4.8365173,55.444183,415.2499,1033.7369,0.7325141,person
photo_20@29-10-2022_23-26-28.jpg,CheMed,464.7583,830.7351,695.48535,1062.6305,0.37501907,frisbee
photo_20@29-10-2022_23-26-28.jpg,CheMed,10.273514,547.2633,411.1961,1014.8722,0.28139174,laptop
photo_21@09-11-2022_11-53-25.jpg,CheMed,604.3873,154.95251,878.2407,448.89322,0.5068925,clock
photo_21@09-11-2022_11-53-25.jpg,CheMed,161.61115,108.47362,439.04913,769.4903,0.28277215,person
photo_22@15-11-2022_08-24-41.jpg,CheMed,576.6374,380.39963,606.7214,461.40353,0.65314126,bottle
photo_22@15-11-2022_08-24-41.jpg,CheMed,504.72705,451.65707,543.24646,543.7377,0.47139287,bottle
photo_22@15-11-2022_08-24-41.jpg,CheMed,610.3328,524.89136,639.4876,605.0359,0.3625756,bottle
photo_22@15-11-2022_08-24-41.jpg,CheMed,691.6585,903.6087,830.61066,1046.7258,0.3469282,remote
photo_22@15-11-2022_08-24-41.jpg,CheMed,547.92596,393.93216,578.67633,454.1039,0.32991922,bottle
photo_22@15-11-2022_08-24-41.jpg,CheMed,397.97125,506.81583,441.6944,611.3085,0.30164748,bottle
photo_22@15-11-2022_08-24-41.jpg,CheMed,602.5518,390.8325,631.92975,453.57327,0.2981303,bottle
photo_22@15-11-2022_08-24-41.jpg,CheMed,272.68732,49.27539,746.61847,907.70276,0.27132064,refrigerator
photo_22@15-11-2022_08-24-41.jpg,CheMed,400.04333,289.35208,444.71338,368.8881,0.26766637,bottle
photo_22@15-11-2022_08-24-41.jpg,CheMed,582.55194,536.7036,613.2082,599.56824,0.25246558,bottle
photo_26@29-11-2022_10-43-06.jpg,CheMed,98.296486,265.38046,598.4325,588.195,0.32459038,baseball bat
photo_26@29-11-2022_10-43-06.jpg,CheMed,47.52369,137.26161,539.15643,449.95428,0.25177118,baseball bat
photo_27@30-11-2022_09-31-44.jpg,CheMed,146.26257,171.56921,319.44397,300.70657,0.8996326,mouse
photo_27@30-11-2022_09-31-44.jpg,CheMed,471.90057,483.4364,672.8095,619.0669,0.87767994,mouse
photo_27@30-11-2022_09-31-44.jpg,CheMed,256.91415,372.90988,401.95285,536.94525,0.8355506,mouse
photo_27@30-11-2022_09-31-44.jpg,CheMed,257.22293,249.82643,435.75888,388.86652,0.7469754,mouse
photo_27@30-11-2022_09-31-44.jpg,CheMed,0.29611206,331.33356,213.14938,418.30188,0.68863785,mouse
photo_27@30-11-2022_09-31-44.jpg,CheMed,476.45023,296.84766,674.6864,423.721,0.5353618,mouse
photo_27@30-11-2022_09-31-44.jpg,CheMed,441.9446,148.32181,588.91095,295.69983,0.4723162,mouse
photo_27@30-11-2022_09-31-44.jpg,CheMed,632.56415,576.646,797.4161,640.0,0.44549394,mouse
photo_28@01-12-2022_09-47-22.jpg,CheMed,588.9693,233.42415,781.99756,520.7059,0.56458336,person
photo_28@01-12-2022_09-47-22.jpg,CheMed,489.22385,241.80138,621.1718,522.0281,0.451333,person
photo_28@01-12-2022_09-47-22.jpg,CheMed,729.2635,236.47273,877.63934,519.5365,0.44962433,person
photo_28@01-12-2022_09-47-22.jpg,CheMed,802.284,231.27357,919.63025,384.00583,0.3751627,person
photo_28@01-12-2022_09-47-22.jpg,CheMed,1139.7722,172.45973,1199.4675,612.3179,0.33835265,person
photo_29@02-12-2022_09-06-12.jpg,CheMed,876.0982,230.83574,972.873,478.24506,0.7702721,remote
photo_29@02-12-2022_09-06-12.jpg,CheMed,777.68335,225.85205,889.7396,496.46603,0.47944036,remote
photo_30@02-12-2022_16-44-41.jpg,CheMed,153.3273,21.00095,1065.8561,893.46606,0.58819693,person
photo_30@02-12-2022_16-44-41.jpg,CheMed,0.827219,909.04584,251.28882,1079.8038,0.35882124,keyboard
photo_30@02-12-2022_16-44-41.jpg,CheMed,0.5095478,819.6663,55.163853,893.3822,0.3043367,cell phone
photo_31@04-12-2022_15-35-18.jpg,CheMed,489.4287,60.196747,892.0095,546.6594,0.94180274,cell phone
photo_31@04-12-2022_15-35-18.jpg,CheMed,0.16619873,171.67215,887.70856,716.60266,0.5014368,person
photo_32@05-12-2022_08-57-22.jpg,CheMed,0.97601724,463.1195,175.09274,693.9287,0.28951344,knife
photo_32@05-12-2022_08-57-22.jpg,CheMed,22.340166,254.32507,327.05905,473.5276,0.25383925,remote
photo_33@07-12-2022_09-43-48.jpg,CheMed,490.8359,373.09164,936.27985,900.8641,0.7471621,person
photo_34@09-12-2022_07-09-49.jpg,CheMed,701.9778,777.0995,1071.9098,1080.0,0.34585598,clock
photo_35@09-12-2022_15-28-53.jpg,CheMed,442.58292,474.92422,876.25024,744.66644,0.48511678,cup
photo_35@09-12-2022_15-28-53.jpg,CheMed,440.83646,474.41486,875.88153,745.6712,0.3406543,mouse
photo_37@16-12-2022_15-21-01.jpg,CheMed,578.177,419.31995,790.7254,795.82465,0.863494,horse
photo_37@16-12-2022_15-21-01.jpg,CheMed,786.1573,420.68878,986.3454,818.727,0.7281231,person
photo_37@16-12-2022_15-21-01.jpg,CheMed,573.9177,383.823,665.3723,506.3834,0.6606454,person
photo_37@16-12-2022_15-21-01.jpg,CheMed,947.9939,389.60464,1079.5605,810.52185,0.6126797,person
photo_40@20-12-2022_20-25-05.jpg,CheMed,370.9179,283.21677,1280.0,1277.2262,0.6099429,person
photo_41@22-12-2022_06-11-26.jpg,CheMed,692.7779,612.031,734.90955,654.8272,0.67743593,sports ball
photo_41@22-12-2022_06-11-26.jpg,CheMed,642.817,652.6428,689.3552,696.1264,0.5669632,sports ball
photo_41@22-12-2022_06-11-26.jpg,CheMed,770.10785,610.35004,827.0718,650.2055,0.5640432,sports ball
photo_41@22-12-2022_06-11-26.jpg,CheMed,207.58907,645.8462,260.36252,695.4651,0.5524147,sports ball
photo_41@22-12-2022_06-11-26.jpg,CheMed,703.3808,579.0061,746.0143,615.4447,0.48290208,sports ball
photo_41@22-12-2022_06-11-26.jpg,CheMed,619.8722,622.6439,668.8432,665.754,0.46567455,sports ball
photo_41@22-12-2022_06-11-26.jpg,CheMed,329.21515,688.6874,388.8917,737.97235,0.4354869,sports ball
photo_41@22-12-2022_06-11-26.jpg,CheMed,741.1048,587.96857,791.8373,643.258,0.3762879,sports ball
photo_41@22-12-2022_06-11-26.jpg,CheMed,798.6616,663.7996,838.30426,713.1181,0.34089044,sports ball
photo_41@22-12-2022_06-11-26.jpg,CheMed,87.51743,355.23834,906.6688,758.4538,0.28454646,cake
photo_41@22-12-2022_06-11-26.jpg,CheMed,145.47688,615.0736,190.68567,656.4874,0.27653065,sports ball
photo_41@22-12-2022_06-11-26.jpg,CheMed,630.13464,626.5768,686.27716,682.4025,0.25977072,sports ball
photo_42@22-12-2022_09-40-25.jpg,CheMed,47.18851,179.84914,453.8133,895.3235,0.44142008,bottle
photo_44@27-12-2022_20-06-32.jpg,CheMed,879.85474,727.58356,986.5446,827.8959,0.48759896,clock
photo_44@27-12-2022_20-06-32.jpg,CheMed,0.0,526.38513,1041.1528,1063.9238,0.26589835,bed
photo_44@27-12-2022_20-06-32.jpg,CheMed,0.3458537,436.3655,82.428154,626.5466,0.25994733,chair
photo_45@28-12-2022_09-31-50.jpg,CheMed,77.11985,831.68536,240.24236,1058.4805,0.7349288,stop sign
photo_46@28-12-2022_20-02-08.jpg,CheMed,481.98206,536.2738,719.30426,899.7497,0.838846,potted plant
photo_46@28-12-2022_20-02-08.jpg,CheMed,238.99094,185.04149,530.9781,1028.7585,0.70667696,person
photo_47@30-12-2022_18-45-35.jpg,CheMed,169.96881,345.19412,401.92358,1066.603,0.9064541,person
photo_47@30-12-2022_18-45-35.jpg,CheMed,23.896713,442.4052,90.50457,588.7452,0.82709295,person
photo_48@02-01-2023_10-02-55.jpg,CheMed,239.81677,843.31415,541.8267,1066.9279,0.25215945,sports ball
photo_49@03-01-2023_08-48-34.jpg,CheMed,621.03046,395.74347,1072.966,1077.8711,0.47765565,person
photo_50@03-01-2023_20-49-48.jpg,CheMed,102.81323,250.03293,581.658,1253.5856,0.49615157,person
photo_51@04-01-2023_08-58-02.jpg,CheMed,757.1158,346.8474,944.8574,777.463,0.8474415,bottle
photo_51@04-01-2023_08-58-02.jpg,CheMed,536.52026,307.3801,765.89954,806.07733,0.7504628,bottle
photo_51@04-01-2023_08-58-02.jpg,CheMed,82.745384,276.4742,335.36517,842.8279,0.68599516,bottle
photo_51@04-01-2023_08-58-02.jpg,CheMed,329.30835,327.1439,550.842,819.2847,0.26751405,bottle
photo_52@06-01-2023_09-05-01.jpg,CheMed,846.21515,810.04877,899.72125,925.6021,0.4165639,clock
photo_52@06-01-2023_09-05-01.jpg,CheMed,698.0783,1115.261,902.0,1280.0,0.28663787,donut
photo_54@06-01-2023_19-06-21.jpg,CheMed,55.527874,161.04857,542.9405,1010.10693,0.9181218,person
photo_54@06-01-2023_19-06-21.jpg,CheMed,683.04395,477.18195,718.61365,599.89014,0.6367398,chair
photo_55@13-01-2023_12-44-14.jpg,CheMed,52.579433,631.9505,244.0691,1004.421,0.8340076,bottle
photo_55@13-01-2023_12-44-14.jpg,CheMed,875.6808,634.29926,1034.9219,1000.39343,0.777941,bottle
photo_55@13-01-2023_12-44-14.jpg,CheMed,235.85269,606.65356,448.51022,1021.6587,0.72851676,bottle
photo_55@13-01-2023_12-44-14.jpg,CheMed,667.60156,605.00494,883.38165,1035.1134,0.5782332,bottle
photo_55@13-01-2023_12-44-14.jpg,CheMed,440.8784,557.23425,677.7891,1029.6172,0.5157548,bottle
photo_56@13-01-2023_15-48-47.jpg,CheMed,624.2453,473.37402,771.6161,767.19604,0.85597783,bottle
photo_56@13-01-2023_15-48-47.jpg,CheMed,453.60034,411.46902,632.332,772.48755,0.7209962,bottle
photo_56@13-01-2023_15-48-47.jpg,CheMed,297.18698,470.7885,460.432,768.5628,0.65672874,bottle
photo_56@13-01-2023_15-48-47.jpg,CheMed,789.7418,929.56354,892.88245,1035.0834,0.6460142,mouse
photo_58@16-01-2023_13-13-42.jpg,CheMed,2.2617846,225.79979,661.0799,1057.4534,0.7917531,person
photo_58@16-01-2023_13-13-42.jpg,CheMed,486.19962,402.56027,558.19293,451.64954,0.7557259,frisbee
photo_58@16-01-2023_13-13-42.jpg,CheMed,539.36365,373.87543,628.0782,412.32553,0.6643921,frisbee
photo_58@16-01-2023_13-13-42.jpg,CheMed,515.754,496.79114,576.55707,574.69214,0.5186995,banana
photo_58@16-01-2023_13-13-42.jpg,CheMed,695.5055,518.9352,771.8936,594.5732,0.483946,banana
photo_58@16-01-2023_13-13-42.jpg,CheMed,579.37195,548.3273,647.1645,629.55225,0.41666314,banana
photo_58@16-01-2023_13-13-42.jpg,CheMed,575.4901,477.5813,638.09265,554.64166,0.373335,banana
photo_58@16-01-2023_13-13-42.jpg,CheMed,822.4296,485.7354,891.88165,559.47784,0.2632789,banana
photo_58@16-01-2023_13-13-42.jpg,CheMed,686.62286,446.55096,758.6481,523.2787,0.2578848,banana
photo_5@07-09-2022_12-16-40.jpg,CheMed,888.7368,182.22421,1079.0873,412.94485,0.6305405,toilet
photo_63@27-01-2023_10-18-40.jpg,CheMed,212.05208,629.16455,1080.0,816.3001,0.52561766,person
photo_64@30-01-2023_12-45-25.jpg,CheMed,17.502739,270.20566,596.4144,1077.2651,0.8701864,person
photo_64@30-01-2023_12-45-25.jpg,CheMed,726.8349,7.953917,1076.7231,427.75113,0.40829867,zebra
photo_64@30-01-2023_12-45-25.jpg,CheMed,442.03757,625.8511,577.1634,763.93646,0.35422927,sports ball
photo_65@31-01-2023_12-19-53.jpg,CheMed,3.3379083,626.411,389.52267,854.01715,0.66392404,person
photo_65@31-01-2023_12-19-53.jpg,CheMed,705.5433,549.12305,855.4022,831.2178,0.63034946,vase
photo_65@31-01-2023_12-19-53.jpg,CheMed,862.69336,548.263,1015.92773,830.643,0.5909487,vase
photo_65@31-01-2023_12-19-53.jpg,CheMed,704.7953,547.09607,854.77295,833.0948,0.29725483,cake
photo_66@01-02-2023_11-59-37.jpg,CheMed,11.339539,241.3737,1017.97766,1072.0881,0.34767005,person
photo_66@01-02-2023_11-59-37.jpg,CheMed,11.12958,258.76065,476.89615,1056.9158,0.2594929,person
photo_67@02-02-2023_11-58-52.jpg,CheMed,493.15366,653.47986,594.19403,754.1306,0.32405668,sports ball
photo_7@16-09-2022_10-42-31.jpg,CheMed,739.56555,545.68036,808.5221,616.9056,0.42669263,sports ball
photo_7@16-09-2022_10-42-31.jpg,CheMed,318.5856,395.1819,382.6188,462.20264,0.41590267,sports ball
photo_7@16-09-2022_10-42-31.jpg,CheMed,149.63068,546.4664,220.80621,610.16364,0.27938935,sports ball
photo_1001@11-07-2022_09-33-38.jpg,lobelia,392.79324,10.191202,616.13586,979.1239,0.48814446,bottle
photo_1002@11-07-2022_09-33-38.jpg,lobelia,179.03613,0.0,302.86807,479.86395,0.68802273,tie
photo_1003@11-07-2022_09-33-38.jpg,lobelia,463.02283,0.0,833.8762,1280.0,0.6384154,tie
photo_1004@11-07-2022_09-47-25.jpg,lobelia,86.49991,119.97409,415.50797,651.65625,0.47613558,book
photo_1016@23-07-2022_12-26-47.jpg,lobelia,103.501595,31.527567,199.22516,452.88412,0.76641756,bottle
photo_1017@23-07-2022_12-26-47.jpg,lobelia,9.695831,405.6731,330.8482,496.4544,0.5099964,dining table
photo_1018@23-07-2022_12-31-39.jpg,lobelia,117.3069,99.80386,277.5,390.08017,0.25473517,book
photo_1024@23-07-2022_15-48-03.jpg,lobelia,146.49951,195.59998,227.96014,542.3869,0.61077416,book
photo_1028@23-07-2022_16-47-40.jpg,lobelia,164.63783,87.915085,308.17932,448.4476,0.32059702,book
photo_1029@23-07-2022_16-49-23.jpg,lobelia,339.27393,0.0,602.55005,1270.4565,0.25886053,vase
photo_1029@23-07-2022_16-49-23.jpg,lobelia,663.9988,0.0,927.6544,1257.9331,0.2537638,vase
photo_1029@23-07-2022_16-49-23.jpg,lobelia,982.1582,0.0,1237.7922,1263.1953,0.25078157,vase
photo_1030@23-07-2022_16-49-23.jpg,lobelia,353.23752,0.0,451.07956,500.0,0.4335154,bottle
photo_1030@23-07-2022_16-49-23.jpg,lobelia,237.66037,0.0,338.5316,500.0,0.4208921,bottle
photo_1030@23-07-2022_16-49-23.jpg,lobelia,122.60423,0.0,223.99965,500.0,0.37135884,bottle
photo_1030@23-07-2022_16-49-23.jpg,lobelia,8.811217,0.0,110.509926,500.0,0.33861676,bottle
photo_1034@23-07-2022_17-34-32.jpg,lobelia,46.94879,2.0898438,1226.321,1231.8044,0.26293164,train
photo_1039@24-07-2022_18-13-34.jpg,lobelia,120.689445,420.28943,365.34073,502.9353,0.33603752,book
photo_1040@24-07-2022_18-16-12.jpg,lobelia,218.15092,588.35095,479.3163,896.9137,0.56240183,person
photo_1046@24-07-2022_18-50-34.jpg,lobelia,15.278266,76.88626,125.70774,297.60873,0.4537791,bottle
photo_1046@24-07-2022_18-50-34.jpg,lobelia,225.54494,74.953316,336.88058,294.71207,0.40500882,bottle
photo_1048@24-07-2022_18-50-34.jpg,lobelia,99.375336,28.692314,221.13385,260.22974,0.36575946,bottle
photo_1050@24-07-2022_18-56-07.jpg,lobelia,469.3952,177.7621,724.53296,1010.7012,0.71638525,bottle
photo_1056@26-07-2022_17-54-36.jpg,lobelia,84.771065,42.92544,428.46625,627.54254,0.25431234,cup
photo_1060@26-07-2022_18-09-05.jpg,lobelia,291.95654,275.75906,698.7479,1095.103,0.49660876,cup
photo_1070@28-07-2022_17-11-00.jpg,lobelia,111.92029,31.272871,461.16278,579.2671,0.2773248,bottle
photo_1075@28-07-2022_17-18-42.jpg,lobelia,268.8678,95.72296,529.86676,730.36865,0.28952923,bottle
photo_1086@30-07-2022_08-28-07.jpg,lobelia,281.6247,0.0,474.6471,590.41614,0.46681222,bottle
photo_1087@30-07-2022_08-28-07.jpg,lobelia,203.3242,40.233715,345.60077,550.0,0.49190098,bottle
photo_1088@30-07-2022_08-28-08.jpg,lobelia,302.4752,49.280968,483.62952,784.7244,0.3424013,parking meter
photo_1088@30-07-2022_08-28-08.jpg,lobelia,305.82373,14.594688,484.10217,762.879,0.25118384,bottle
photo_1089@30-07-2022_08-28-08.jpg,lobelia,140.46368,63.62582,241.83716,439.7635,0.49983066,bottle
photo_1090@30-07-2022_08-31-26.jpg,lobelia,182.14061,0.0,328.80457,497.09808,0.5562673,bottle
photo_1096@30-07-2022_08-52-34.jpg,lobelia,244.90378,3.7516735,354.44794,266.0203,0.4340854,cell phone
photo_1098@30-07-2022_08-52-34.jpg,lobelia,148.82014,179.5966,320.86057,429.75,0.55919737,cell phone
photo_1099@30-07-2022_08-52-34.jpg,lobelia,185.76,4.002559,315.62155,210.28471,0.4586358,cup
photo_1100@30-07-2022_08-52-34.jpg,lobelia,365.8025,6.682086,629.1502,435.23645,0.32793152,cup
photo_1101@30-07-2022_08-52-34.jpg,lobelia,366.63956,31.635452,618.59125,423.12622,0.30159646,cup
photo_1101@30-07-2022_08-52-34.jpg,lobelia,330.26852,377.7717,676.75024,899.57916,0.28101832,cup
photo_1103@30-07-2022_08-54-45.jpg,lobelia,109.82139,19.351042,240.53162,333.37363,0.6410082,bottle
photo_1104@30-07-2022_08-54-45.jpg,lobelia,132.2908,4.7631955,314.83038,445.67868,0.31013274,bottle
photo_1105@30-07-2022_08-54-45.jpg,lobelia,131.4876,3.149085,314.392,447.10364,0.4620273,bottle
photo_1106@30-07-2022_08-54-45.jpg,lobelia,776.7477,840.88385,1048.7875,1153.0007,0.5291675,mouse
photo_1106@30-07-2022_08-54-45.jpg,lobelia,775.96423,477.69055,1044.8801,786.14685,0.40386808,mouse
photo_1106@30-07-2022_08-54-45.jpg,lobelia,777.9101,106.59953,1051.031,425.94696,0.36199588,mouse
photo_1107@30-07-2022_08-54-45.jpg,lobelia,128.0848,0.0,315.93478,442.76407,0.37179187,bottle
photo_1110@30-07-2022_09-01-12.jpg,lobelia,174.60077,59.06021,451.50275,748.8574,0.30206043,bottle
photo_1113@30-07-2022_09-01-12.jpg,lobelia,191.90051,0.96166134,311.78955,245.0492,0.27560928,bottle
photo_1114@30-07-2022_09-01-12.jpg,lobelia,302.42853,29.360401,724.74005,1009.28143,0.3301192,bottle
photo_1115@30-07-2022_09-01-12.jpg,lobelia,233.47728,4.5622945,513.6983,718.1698,0.43680054,bottle
photo_1127@07-08-2022_12-46-56.jpg,lobelia,343.92792,61.729736,939.06366,1251.6782,0.3338713,parking meter
photo_1128@07-08-2022_12-51-02.jpg,lobelia,158.96043,15.260243,460.43665,588.59283,0.38379773,bottle
photo_1144@07-08-2022_16-38-37.jpg,lobelia,103.71561,18.061728,263.8019,330.88278,0.2965815,refrigerator
photo_1147@09-08-2022_18-23-45.jpg,lobelia,749.32,237.0965,1151.7284,1083.9958,0.42922774,book
photo_1147@09-08-2022_18-23-45.jpg,lobelia,125.68585,234.72845,529.5301,1077.0369,0.3969333,book
photo_1151@09-08-2022_18-30-36.jpg,lobelia,340.7376,4.5195923,878.32196,1255.9956,0.5871995,bottle
photo_1160@11-08-2022_16-48-10.jpg,lobelia,107.299545,46.732563,387.68765,77.49845,0.39756858,book
photo_1184@17-08-2022_11-16-42.jpg,lobelia,213.8841,389.4978,478.4977,988.51794,0.7661475,bottle
photo_1185@17-08-2022_11-21-17.jpg,lobelia,464.33575,16.076529,724.3075,860.0,0.58548564,bottle
photo_118@03-12-2021_11-31-22.jpg,lobelia,237.58057,11.072311,558.44794,786.92834,0.46703473,parking meter
photo_1191@18-08-2022_14-00-28.jpg,lobelia,154.0314,91.753746,225.00186,183.82614,0.47829995,person
photo_1192@18-08-2022_14-00-28.jpg,lobelia,547.25793,561.4789,822.4231,841.7383,0.41159043,person
photo_1194@18-08-2022_14-03-27.jpg,lobelia,110.80201,6.698251,388.58713,472.8716,0.3388194,parking meter
photo_1204@18-08-2022_14-25-24.jpg,lobelia,362.5704,152.00691,573.90784,765.44165,0.30079034,book
photo_1209@18-08-2022_14-30-41.jpg,lobelia,463.02283,0.0,833.8762,1280.0,0.6384154,tie
photo_120@03-12-2021_11-31-45.jpg,lobelia,282.19925,34.603836,674.34406,990.1953,0.5629715,surfboard
photo_1212@18-08-2022_14-30-41.jpg,lobelia,179.03613,0.0,302.86807,479.86395,0.68802273,tie
photo_1213@18-08-2022_14-30-41.jpg,lobelia,162.4712,0.0,285.0734,442.59967,0.28285062,bottle
photo_1214@18-08-2022_14-30-42.jpg,lobelia,122.480156,147.85797,205.899,490.77094,0.7027493,bottle
photo_1215@18-08-2022_14-30-42.jpg,lobelia,392.79324,10.191202,616.13586,979.1239,0.48814446,bottle
photo_1217@18-08-2022_14-33-06.jpg,lobelia,0.84461284,168.07611,302.45193,447.39032,0.40513235,cake
photo_1218@18-08-2022_14-37-44.jpg,lobelia,337.9424,14.55542,937.5242,1233.3623,0.43204093,bottle
photo_1218@18-08-2022_14-37-44.jpg,lobelia,530.6584,904.3944,693.5457,1058.3225,0.2820284,bird
photo_121@03-12-2021_11-32-12.jpg,lobelia,55.678577,241.77164,187.79967,538.73773,0.54035264,bottle
photo_121@03-12-2021_11-32-12.jpg,lobelia,369.1092,120.18702,441.41943,430.52716,0.25659555,banana
photo_123@07-12-2021_16-24-23.jpg,lobelia,838.29785,361.826,899.8355,627.8025,0.33435962,bottle
photo_123@07-12-2021_16-24-23.jpg,lobelia,650.9226,113.99587,801.9456,733.71246,0.2847809,bottle
photo_1260@19-08-2022_14-27-10.jpg,lobelia,416.06857,0.0,857.6279,1271.5076,0.31981283,parking meter
photo_1262@19-08-2022_14-28-42.jpg,lobelia,348.38028,224.05608,642.5744,935.5187,0.31376225,vase
photo_1266@19-08-2022_19-01-22.jpg,lobelia,129.37665,121.4654,379.60773,409.56766,0.44069356,cup
photo_1269@19-08-2022_19-33-15.jpg,lobelia,290.04053,203.31342,647.0095,1262.1084,0.68395984,bottle
photo_126@07-12-2021_17-45-01.jpg,lobelia,67.773926,171.54019,111.047905,333.7696,0.7268168,book
photo_126@07-12-2021_17-45-01.jpg,lobelia,346.98465,174.39748,388.2478,331.14835,0.6819564,book
photo_126@07-12-2021_17-45-01.jpg,lobelia,111.92832,171.30301,149.8652,332.32993,0.6452146,book
photo_126@07-12-2021_17-45-01.jpg,lobelia,387.39905,173.69075,423.35236,331.71625,0.62192047,book
photo_126@07-12-2021_17-45-01.jpg,lobelia,150.34735,164.7136,191.68532,329.22885,0.57037526,book
photo_126@07-12-2021_17-45-01.jpg,lobelia,307.05328,173.61606,350.48758,329.82983,0.51482284,book
photo_126@07-12-2021_17-45-01.jpg,lobelia,268.8056,174.25697,309.32178,329.97092,0.51309496,book
photo_126@07-12-2021_17-45-01.jpg,lobelia,190.33395,170.61482,230.39723,329.30603,0.48459303,book
photo_126@07-12-2021_17-45-01.jpg,lobelia,227.68324,167.20601,270.4358,328.2078,0.43706533,book
photo_1270@19-08-2022_19-33-58.jpg,lobelia,479.46704,167.3703,802.6188,1280.0,0.5406206,bottle
photo_127@07-12-2021_17-45-29.jpg,lobelia,48.103924,182.11807,393.90564,224.82547,0.44240233,toothbrush
photo_127@07-12-2021_17-45-29.jpg,lobelia,47.194633,141.79718,392.72406,187.62611,0.31930602,toothbrush
photo_127@07-12-2021_17-45-29.jpg,lobelia,46.31031,218.01031,392.96375,268.63373,0.30715,toothbrush
photo_1283@26-08-2022_15-26-44.jpg,lobelia,519.9898,88.14607,969.5031,968.16425,0.6199742,bottle
photo_1284@26-08-2022_16-10-31.jpg,lobelia,319.12756,646.5346,641.8766,1042.3203,0.717705,stop sign
photo_1285@26-08-2022_16-11-23.jpg,lobelia,245.72491,260.81497,338.509,379.5777,0.54970443,stop sign
photo_1287@27-08-2022_08-44-23.jpg,lobelia,216.12155,128.47363,631.7788,1191.7079,0.43396458,bottle
photo_1288@27-08-2022_08-47-12.jpg,lobelia,249.90009,29.46167,454.75003,528.39014,0.73750234,bottle
photo_1289@27-08-2022_08-48-54.jpg,lobelia,140.61557,98.90867,359.9782,462.60983,0.30003464,book
photo_128@08-12-2021_14-30-09.jpg,lobelia,420.7165,0.0,841.51935,1260.9036,0.49370736,surfboard
photo_1324@01-09-2022_17-47-27.jpg,lobelia,194.67859,361.16077,765.4571,1224.9093,0.30411154,book
photo_132@09-12-2021_21-55-08.jpg,lobelia,104.5448,87.73503,242.52863,344.01358,0.38945013,book
photo_1361@06-09-2022_11-37-36.jpg,lobelia,574.2991,178.6236,1073.4252,790.51495,0.26647088,vase
photo_1363@06-09-2022_12-05-46.jpg,lobelia,398.1513,87.500244,860.24115,1271.856,0.5813541,tie
photo_1364@06-09-2022_12-05-46.jpg,lobelia,191.8169,45.386795,413.38992,600.1395,0.6823638,bottle
photo_1365@06-09-2022_12-05-47.jpg,lobelia,320.39587,52.476646,680.6349,964.67725,0.5019139,remote
photo_1369@06-09-2022_12-08-09.jpg,lobelia,415.88602,62.25067,870.56116,1197.4502,0.3867205,toilet
photo_137@11-12-2021_16-42-57.jpg,lobelia,288.517,20.591187,958.4341,1225.8754,0.33283958,stop sign
photo_1380@09-09-2022_10-41-44.jpg,lobelia,259.65613,0.0,446.894,694.33136,0.34664497,bottle
photo_1381@09-09-2022_10-41-44.jpg,lobelia,134.14412,6.7800045,367.27762,460.92664,0.33673277,bottle
photo_1381@09-09-2022_10-41-44.jpg,lobelia,130.68118,1.4612436,365.45398,461.73154,0.25966522,parking meter
photo_1383@09-09-2022_10-43-33.jpg,lobelia,191.59894,18.569088,310.66672,484.79163,0.5508092,tie
photo_1383@09-09-2022_10-43-33.jpg,lobelia,191.1703,14.773035,309.8675,486.72787,0.51814824,bottle
photo_1384@09-09-2022_10-43-33.jpg,lobelia,194.257,24.070478,312.9544,494.47223,0.36920258,bottle
photo_1385@09-09-2022_10-43-34.jpg,lobelia,179.64731,9.624577,325.36325,493.30475,0.459923,tie
photo_139@11-12-2021_18-05-19.jpg,lobelia,695.1115,282.09277,915.82794,1152.6522,0.32578078,book
photo_141@14-12-2021_22-41-15.jpg,lobelia,171.3154,313.37225,1063.7181,1113.6489,0.25482687,cup
photo_144@14-12-2021_23-00-32.jpg,lobelia,152.48425,34.434177,327.36862,478.92932,0.6610026,bottle
photo_1465@17-09-2022_11-57-52.jpg,lobelia,609.77014,602.05927,712.28424,739.8283,0.5115901,vase
photo_1465@17-09-2022_11-57-52.jpg,lobelia,129.35988,111.447525,470.48242,946.4733,0.43371946,bottle
photo_1467@17-09-2022_11-59-29.jpg,lobelia,150.09476,0.0,306.68393,448.47925,0.27892923,bottle
photo_1472@17-09-2022_18-43-19.jpg,lobelia,259.65613,0.0,446.894,694.33136,0.34664497,bottle
photo_147@14-12-2021_23-01-55.jpg,lobelia,155.05753,38.65526,334.36618,485.6864,0.57983434,bottle
photo_1481@19-09-2022_10-10-18.jpg,lobelia,55.622875,242.037,187.63782,538.8715,0.5637849,bottle
photo_1482@19-09-2022_10-10-52.jpg,lobelia,127.68614,177.61366,217.61523,461.19214,0.50783217,bottle
photo_1482@19-09-2022_10-10-52.jpg,lobelia,213.30135,185.17236,341.11545,482.0357,0.31761056,bottle
photo_148@14-12-2021_23-02-21.jpg,lobelia,173.82906,39.72262,370.14862,549.3609,0.6559691,tie
photo_1493@20-09-2022_08-28-47.jpg,lobelia,557.0809,464.27094,884.23834,1245.4807,0.5136359,bottle
photo_1493@20-09-2022_08-28-47.jpg,lobelia,337.07367,574.1833,564.904,1181.7175,0.4214092,bottle
photo_1493@20-09-2022_08-28-47.jpg,lobelia,332.61252,488.39642,562.2904,1161.6025,0.3311856,tie
photo_1500@20-09-2022_12-02-49.jpg,lobelia,70.55785,43.869198,399.9788,531.31006,0.5369654,bus
photo_1514@22-09-2022_15-17-11.jpg,lobelia,67.05066,106.716576,567.0458,356.94894,0.5759273,book
photo_1514@22-09-2022_15-17-11.jpg,lobelia,624.41766,212.12755,822.7832,1081.5051,0.5039347,book
photo_1515@22-09-2022_15-18-28.jpg,lobelia,106.14175,203.75447,232.49292,474.95255,0.565504,bottle
photo_1516@22-09-2022_15-19-18.jpg,lobelia,172.51529,278.94202,370.5136,734.19867,0.632982,bottle
photo_1517@22-09-2022_15-21-34.jpg,lobelia,69.60728,171.69792,191.38742,545.7993,0.48245,bottle
photo_1526@27-09-2022_16-14-08.jpg,lobelia,172.8806,49.726368,322.40652,471.25446,0.5542375,bottle
photo_1528@28-09-2022_16-20-26.jpg,lobelia,338.18124,8.71637,943.2272,1227.396,0.5485726,bottle
photo_1529@28-09-2022_16-21-55.jpg,lobelia,150.86118,84.27789,343.6297,443.0712,0.39170545,vase
photo_1537@03-10-2022_19-35-19.jpg,lobelia,686.75397,162.40707,891.4913,557.3438,0.53626555,person
photo_1538@04-10-2022_09-25-15.jpg,lobelia,197.22453,0.0,808.7167,999.81555,0.28423783,stop sign
photo_1541@04-10-2022_11-51-50.jpg,lobelia,39.29601,38.785076,211.55208,473.91138,0.5589371,bottle
photo_1543@04-10-2022_11-52-57.jpg,lobelia,424.6184,242.41687,811.84375,1197.1759,0.36374712,book
photo_1544@04-10-2022_11-56-06.jpg,lobelia,574.2991,178.6236,1073.4252,790.51495,0.26647088,vase
photo_1546@04-10-2022_11-57-29.jpg,lobelia,97.720764,23.642159,329.10544,293.88364,0.35397556,suitcase
photo_154@17-12-2021_16-07-34.jpg,lobelia,107.92585,0.3629303,294.77057,381.3378,0.26887885,bottle
photo_1551@04-10-2022_12-06-44.jpg,lobelia,19.987692,7.1553826,204.76672,435.3317,0.3169492,bottle
photo_156@17-12-2021_16-10-56.jpg,lobelia,350.2355,75.01225,474.47314,492.7075,0.40017727,bottle
photo_1570@06-10-2022_15-30-50.jpg,lobelia,464.33575,16.076529,724.3075,860.0,0.58548564,bottle
photo_1571@06-10-2022_15-41-02.jpg,lobelia,264.53592,240.65594,609.71216,1272.1128,0.43777838,bottle
photo_1572@06-10-2022_15-41-44.jpg,lobelia,310.68994,538.5776,618.127,1207.731,0.82537776,bottle
photo_1573@06-10-2022_15-42-10.jpg,lobelia,270.88678,220.49731,624.5191,1280.0,0.47428352,bottle
photo_1574@06-10-2022_15-42-31.jpg,lobelia,343.16595,633.5897,642.3614,1270.1519,0.47475877,bottle
photo_1577@06-10-2022_15-52-37.jpg,lobelia,205.1095,521.9303,520.91296,1231.3569,0.59881735,bottle
photo_157@18-12-2021_17-06-21.jpg,lobelia,345.1112,761.8379,536.9552,914.25775,0.3092963,donut
photo_1594@08-10-2022_15-32-05.jpg,lobelia,216.12155,128.47363,631.7788,1191.7079,0.43396458,bottle
photo_1608@09-10-2022_12-42-32.jpg,lobelia,97.49347,108.013916,770.2531,759.56586,0.70390755,clock
photo_1626@09-10-2022_15-00-51.jpg,lobelia,811.177,575.1067,986.75586,920.2991,0.30380106,cup
photo_1628@09-10-2022_19-17-23.jpg,lobelia,164.63783,87.915085,308.17932,448.4476,0.32059702,book
photo_1630@09-10-2022_19-19-54.jpg,lobelia,319.12756,646.5346,641.8766,1042.3203,0.717705,stop sign
photo_1631@09-10-2022_19-20-41.jpg,lobelia,245.72491,260.81497,338.509,379.5777,0.54970443,stop sign
photo_163@18-12-2021_17-14-16.jpg,lobelia,99.90845,184.48024,438.37158,447.47424,0.33947203,train
photo_1645@12-10-2022_16-16-42.jpg,lobelia,150.23894,23.066973,398.56567,532.9616,0.46982858,bottle
photo_1645@12-10-2022_16-16-42.jpg,lobelia,175.92087,371.51614,246.78001,464.82877,0.4681968,cat
photo_164@18-12-2021_17-15-18.jpg,lobelia,692.617,102.38794,1104.5925,1211.058,0.35361603,bottle
photo_1686@14-10-2022_15-24-56.jpg,lobelia,44.939987,1.7449036,225.2244,348.59164,0.26258153,bottle
photo_1687@14-10-2022_15-32-28.jpg,lobelia,304.5298,106.27538,526.62,527.3582,0.69358176,bottle
photo_1688@14-10-2022_15-43-57.jpg,lobelia,672.0474,425.0739,1001.1429,1108.7769,0.25338405,bottle
photo_1697@14-10-2022_17-07-15.jpg,lobelia,99.375336,28.692314,221.13385,260.22974,0.36575946,bottle
photo_169@18-12-2021_17-30-51.jpg,lobelia,167.4228,12.895441,339.94565,487.48682,0.2632511,tie
photo_1707@14-10-2022_17-34-42.jpg,lobelia,343.41245,15.320873,641.0459,972.1262,0.28037718,bottle
photo_1708@14-10-2022_17-34-42.jpg,lobelia,87.54749,14.853306,200.33443,391.40503,0.6998461,bottle
photo_1708@14-10-2022_17-34-42.jpg,lobelia,87.505775,7.139702,200.69716,388.6586,0.43995333,cell phone
photo_173@20-12-2021_16-53-41.jpg,lobelia,157.2051,89.99951,296.95508,438.6984,0.26274428,cell phone
photo_1754@22-10-2022_12-04-28.jpg,lobelia,369.8765,48.3497,555.7825,477.73672,0.89192414,bottle
photo_1754@22-10-2022_12-04-28.jpg,lobelia,218.01118,2.5370574,398.9405,474.43323,0.28691646,bottle
photo_1755@22-10-2022_12-10-12.jpg,lobelia,141.80553,85.56198,277.92517,473.75183,0.53628623,toothbrush
photo_179@20-12-2021_17-46-25.jpg,lobelia,361.93802,7.0285034,449.32172,433.0995,0.36058408,refrigerator
photo_1822@26-10-2022_18-06-04.jpg,lobelia,502.52258,254.34314,781.1008,1069.9963,0.6082134,book
photo_1823@26-10-2022_18-09-13.jpg,lobelia,142.21559,101.3137,277.8305,560.5727,0.30651033,bottle
photo_1823@26-10-2022_18-09-13.jpg,lobelia,150.21303,187.49242,274.29175,541.97986,0.25211424,book
photo_1828@26-10-2022_18-17-44.jpg,lobelia,102.0619,58.28958,298.7622,799.6308,0.6250392,bottle
photo_1828@26-10-2022_18-17-44.jpg,lobelia,100.381714,50.259342,299.98972,805.9685,0.46716666,refrigerator
photo_182@20-12-2021_17-48-36.jpg,lobelia,316.32037,246.87494,545.1877,444.67334,0.62767345,cup
photo_1831@27-10-2022_09-55-01.jpg,lobelia,280.82486,1.5345001,390.7823,400.0,0.40394828,remote
photo_1848@30-10-2022_14-02-12.jpg,lobelia,427.9099,19.243774,868.6531,1214.0739,0.41683042,bottle
photo_1848@30-10-2022_14-02-12.jpg,lobelia,421.0492,44.531433,868.85803,1257.794,0.29952127,vase
photo_1849@30-10-2022_14-04-03.jpg,lobelia,467.4691,37.69702,857.75854,1243.3109,0.55907303,tie
photo_184@20-12-2021_17-50-18.jpg,lobelia,142.53503,52.458862,329.86084,432.179,0.68663913,bottle
photo_184@20-12-2021_17-50-18.jpg,lobelia,319.4921,74.46355,466.91556,422.0194,0.3123741,bottle
photo_184@20-12-2021_17-50-18.jpg,lobelia,315.76007,59.78737,467.66425,428.93707,0.3099024,book
photo_1850@30-10-2022_14-04-03.jpg,lobelia,219.77834,70.141754,370.09595,517.16144,0.5448834,bottle
photo_1852@30-10-2022_14-06-04.jpg,lobelia,101.60244,192.63806,244.3816,458.27942,0.29496875,cell phone
photo_1852@30-10-2022_14-06-04.jpg,lobelia,266.09998,25.769068,397.56097,456.31247,0.2819993,toothbrush
photo_1853@30-10-2022_17-34-45.jpg,lobelia,235.76653,62.115047,490.11905,508.1006,0.2761985,cell phone
photo_1854@30-10-2022_17-36-16.jpg,lobelia,273.5441,312.89597,332.62595,386.41086,0.4136097,apple
photo_1855@30-10-2022_17-36-54.jpg,lobelia,273.08102,312.9148,333.20013,385.4503,0.40038905,apple
photo_1858@01-11-2022_13-08-12.jpg,lobelia,98.57561,209.93398,174.39775,295.66544,0.52007645,cup
photo_1862@02-11-2022_13-38-56.jpg,lobelia,129.68858,127.43604,298.44458,502.46555,0.5922456,bottle
photo_1865@02-11-2022_13-38-56.jpg,lobelia,194.13684,10.554394,524.48474,709.496,0.29373133,parking meter
photo_1868@02-11-2022_13-40-02.jpg,lobelia,327.60388,11.319566,581.11017,885.23676,0.25347883,bottle
photo_1869@02-11-2022_13-40-02.jpg,lobelia,352.47934,134.90836,550.03357,788.98846,0.68397915,bottle
photo_186@20-12-2021_17-52-54.jpg,lobelia,355.32047,105.9871,494.88028,610.92816,0.50119454,bottle
photo_1872@02-11-2022_15-34-10.jpg,lobelia,343.92792,61.729736,939.06366,1251.6782,0.3338713,parking meter
photo_1884@05-11-2022_14-36-11.jpg,lobelia,71.85612,246.93913,146.89622,306.18942,0.7471781,cup
photo_1886@09-11-2022_16-29-12.jpg,lobelia,398.20807,14.322449,789.0153,1279.553,0.27562013,book
photo_1899@10-11-2022_18-02-13.jpg,lobelia,324.26077,36.29875,673.643,702.0412,0.50705445,book
photo_18@17-11-2021_18-23-10.jpg,lobelia,100.409355,27.10492,221.08884,261.35315,0.280742,parking meter
photo_1900@10-11-2022_18-02-27.jpg,lobelia,70.91764,129.393,182.32324,233.09212,0.29123473,bird
photo_1901@11-11-2022_14-24-06.jpg,lobelia,388.80557,565.94324,801.45184,1072.5437,0.8515906,person
photo_1902@11-11-2022_14-26-27.jpg,lobelia,185.43478,203.0253,345.74838,390.93704,0.65406895,person
photo_1903@11-11-2022_14-28-09.jpg,lobelia,345.65778,236.08807,498.59406,412.0689,0.7297687,person
photo_1904@11-11-2022_14-28-09.jpg,lobelia,356.66855,212.28998,502.18552,392.26746,0.75198114,person
photo_1905@11-11-2022_14-28-56.jpg,lobelia,75.18877,82.64427,179.18198,253.67871,0.40183118,person
photo_1905@11-11-2022_14-28-56.jpg,lobelia,262.50946,140.35136,359.44016,253.36935,0.39608002,teddy bear
photo_1935@12-11-2022_17-03-12.jpg,lobelia,144.03194,0.0,292.99786,415.9801,0.28554875,tie
photo_1939@12-11-2022_17-06-44.jpg,lobelia,327.60388,11.319566,581.11017,885.23676,0.25347883,bottle
photo_1941@12-11-2022_17-06-44.jpg,lobelia,352.47934,134.90836,550.03357,788.98846,0.68397915,bottle
photo_1945@12-11-2022_17-07-32.jpg,lobelia,129.68858,127.43604,298.44458,502.46555,0.5922456,bottle
photo_1949@12-11-2022_17-07-32.jpg,lobelia,194.13684,10.554394,524.48474,709.496,0.29373133,parking meter
photo_1950@12-11-2022_17-07-32.jpg,lobelia,188.08002,25.78757,461.3631,589.80524,0.4629156,refrigerator
photo_1951@12-11-2022_17-07-32.jpg,lobelia,103.480774,112.3016,323.23413,579.0414,0.43065685,parking meter
photo_1965@16-11-2022_15-42-34.jpg,lobelia,291.93433,275.88657,698.9,1095.0773,0.49705434,cup
photo_1966@16-11-2022_17-03-27.jpg,lobelia,358.19055,760.8697,648.48706,1074.7871,0.3942753,cup
photo_1970@16-11-2022_18-19-17.jpg,lobelia,811.23456,573.5618,986.78754,920.9672,0.29089972,cup
photo_1971@17-11-2022_16-42-50.jpg,lobelia,17.3042,154.82568,804.1104,1106.5756,0.28065872,book
photo_1973@17-11-2022_17-39-30.jpg,lobelia,522.554,0.19167094,675.4561,87.02509,0.4575701,person
photo_1973@17-11-2022_17-39-30.jpg,lobelia,174.53224,8.123017,242.22943,101.00752,0.44694012,bottle
photo_1973@17-11-2022_17-39-30.jpg,lobelia,18.779737,37.577747,1024.4655,952.6335,0.40078998,cake
photo_1973@17-11-2022_17-39-30.jpg,lobelia,356.8137,1.8064169,443.01416,91.52235,0.3734224,person
photo_1981@23-11-2022_14-00-45.jpg,lobelia,382.24774,80.82822,842.8118,1086.6208,0.25035053,bottle
photo_1@03-11-2021_23-43-56.jpg,lobelia,18.59977,203.5371,356.72083,734.2042,0.31829184,cup
photo_2007@25-11-2022_16-51-52.jpg,lobelia,354.6022,480.30994,452.33984,555.5825,0.6422643,bowl
photo_2007@25-11-2022_16-51-52.jpg,lobelia,403.4454,460.88052,483.73877,512.6348,0.33138138,spoon
photo_2008@26-11-2022_17-34-55.jpg,lobelia,215.82452,127.87567,631.85333,1192.123,0.42244646,bottle
photo_203@21-12-2021_17-07-55.jpg,lobelia,695.1115,282.09277,915.82794,1152.6522,0.32578078,book
photo_2044@30-11-2022_17-46-52.jpg,lobelia,285.90942,62.736633,396.8154,466.94717,0.30765063,bottle
photo_2056@01-12-2022_14-33-46.jpg,lobelia,812.72687,688.50116,970.8383,890.8809,0.5164719,stop sign
photo_2056@01-12-2022_14-33-46.jpg,lobelia,540.4597,668.7685,818.0875,945.1622,0.26558766,stop sign
photo_2059@02-12-2022_11-08-13.jpg,lobelia,458.36707,127.0571,680.8709,745.1055,0.53818715,bottle
photo_2059@02-12-2022_11-08-13.jpg,lobelia,178.95439,232.1892,373.27145,723.11676,0.29266,bottle
photo_2082@03-12-2022_17-47-33.jpg,lobelia,237.09605,583.18713,735.6552,965.81433,0.6699943,bowl
photo_2083@03-12-2022_17-49-07.jpg,lobelia,119.47837,0.19530058,377.84845,383.7243,0.33189315,parking meter
photo_2084@03-12-2022_17-49-32.jpg,lobelia,99.85052,0.0,376.5386,387.4781,0.27753204,parking meter
photo_2086@06-12-2022_17-13-29.jpg,lobelia,522.6525,0.20905486,675.4686,87.01475,0.4595816,person
photo_2086@06-12-2022_17-13-29.jpg,lobelia,174.52884,8.150765,242.22392,100.99716,0.44603902,bottle
photo_2086@06-12-2022_17-13-29.jpg,lobelia,18.356236,37.342594,1025.5599,952.6764,0.40167782,cake
photo_2086@06-12-2022_17-13-29.jpg,lobelia,356.8127,1.800895,443.04242,91.52048,0.37562758,person
photo_2098@08-12-2022_11-37-51.jpg,lobelia,178.402,185.28409,298.8061,452.51868,0.26728585,bottle
photo_2101@08-12-2022_11-41-25.jpg,lobelia,158.11673,25.49014,337.20676,480.89227,0.25837588,bottle
photo_2102@08-12-2022_11-44-36.jpg,lobelia,303.06512,13.937664,708.464,992.5418,0.3193751,bottle
photo_2103@08-12-2022_12-05-08.jpg,lobelia,511.38055,378.67636,777.0975,1210.1302,0.54376143,book
photo_2127@13-12-2022_12-02-28.jpg,lobelia,774.5643,744.8954,916.90814,1070.6609,0.60284907,bird
photo_2127@13-12-2022_12-02-28.jpg,lobelia,341.23056,381.214,946.73474,1248.838,0.27386537,book
photo_2128@13-12-2022_12-02-35.jpg,lobelia,494.25522,654.7602,673.48755,850.8807,0.46371776,apple
photo_2130@14-12-2022_18-20-02.jpg,lobelia,487.80374,683.05457,920.00256,1171.1223,0.86118287,person
photo_2132@17-12-2022_10-49-46.jpg,lobelia,573.3373,178.53044,1074.0872,790.9349,0.2749858,vase
photo_2134@17-12-2022_17-57-35.jpg,lobelia,354.58093,479.7668,452.31808,555.3673,0.6313197,bowl
photo_2134@17-12-2022_17-57-35.jpg,lobelia,403.6186,461.01434,483.64023,512.5553,0.31769574,spoon
photo_2137@17-12-2022_18-38-42.jpg,lobelia,710.91205,568.3004,1095.033,904.71436,0.36279953,cell phone
photo_2138@18-12-2022_14-04-36.jpg,lobelia,43.622772,88.24087,594.2532,1153.2172,0.33222005,bottle
photo_2143@18-12-2022_16-35-28.jpg,lobelia,392.97983,658.595,579.52997,1190.8248,0.671147,vase
photo_2144@18-12-2022_16-35-58.jpg,lobelia,407.86554,25.843933,901.78705,1276.8843,0.33131352,vase
photo_214@23-12-2021_20-05-01.jpg,lobelia,724.6368,641.6338,1235.932,1111.7798,0.3378437,toilet
photo_2167@26-12-2022_13-19-48.jpg,lobelia,169.37679,358.56415,246.14243,689.575,0.776757,person
photo_2168@26-12-2022_13-20-48.jpg,lobelia,564.1194,1014.7865,665.39246,1105.7997,0.5747083,frisbee
photo_2168@26-12-2022_13-20-48.jpg,lobelia,4.0797954,326.129,265.2745,1191.0885,0.46528843,person
photo_2189@28-12-2022_14-17-13.jpg,lobelia,263.55362,315.10336,333.81,362.80252,0.45876786,bird
photo_2192@13-03-2024_14-39-44.jpg,lobelia,139.02754,43.332863,408.59012,780.1059,0.45942238,bottle
photo_2193@13-03-2024_14-39-44.jpg,lobelia,545.19586,465.37637,788.5333,848.1859,0.5313696,person
photo_2194@13-03-2024_14-39-45.jpg,lobelia,339.20132,316.73013,556.51794,684.0875,0.9133369,person
photo_2195@13-03-2024_14-39-45.jpg,lobelia,363.97675,637.52167,554.2016,710.47797,0.35740876,banana
photo_2195@13-03-2024_14-39-45.jpg,lobelia,237.62668,34.45594,570.88025,730.6627,0.25216812,bottle
photo_2196@13-03-2024_14-39-45.jpg,lobelia,48.53604,39.266994,387.84888,640.82104,0.34956723,parking meter
photo_2198@13-03-2024_14-39-45.jpg,lobelia,359.471,490.58667,743.1878,995.85974,0.91707385,person
photo_2199@13-03-2024_14-39-45.jpg,lobelia,297.68552,289.59988,510.31262,586.2482,0.90472615,person
photo_2200@13-03-2024_14-39-45.jpg,lobelia,175.52548,0.0,552.08844,706.5052,0.44366676,bottle
photo_2201@13-03-2024_14-39-45.jpg,lobelia,312.70657,260.6931,471.22507,501.96805,0.48721397,person
photo_2202@13-03-2024_14-39-45.jpg,lobelia,259.32486,148.60474,302.02817,285.5674,0.5526805,bottle
photo_2202@13-03-2024_14-39-45.jpg,lobelia,80.27226,126.51733,119.112175,291.6444,0.46442395,suitcase
photo_2202@13-03-2024_14-39-45.jpg,lobelia,229.00003,134.09604,273.02795,298.3079,0.42103413,bottle
photo_2202@13-03-2024_14-39-45.jpg,lobelia,27.690586,165.03294,61.410835,280.393,0.40329698,toilet
photo_2202@13-03-2024_14-39-45.jpg,lobelia,287.532,156.55461,335.30722,282.30087,0.38443008,bottle
photo_2202@13-03-2024_14-39-45.jpg,lobelia,25.681492,165.69403,58.93327,279.01508,0.31241098,suitcase
photo_2202@13-03-2024_14-39-45.jpg,lobelia,55.50282,156.75487,87.16276,288.892,0.31093025,suitcase
photo_2202@13-03-2024_14-39-45.jpg,lobelia,113.852776,91.66502,240.0078,310.82925,0.27912304,bottle
photo_2204@13-03-2024_14-40-23.jpg,lobelia,320.09766,256.1813,635.15735,1189.5726,0.37124056,bottle
photo_2206@13-03-2024_14-40-23.jpg,lobelia,626.94305,265.2409,945.4394,1201.3657,0.4694552,bottle
photo_2207@13-03-2024_14-40-23.jpg,lobelia,403.0531,10.20105,890.83215,1210.8137,0.4220541,bottle
photo_2208@13-03-2024_14-40-24.jpg,lobelia,419.5923,513.2736,642.5559,853.0124,0.67719495,person
photo_2208@13-03-2024_14-40-24.jpg,lobelia,641.5009,115.26843,978.5052,1160.859,0.6030007,bottle
photo_2209@13-03-2024_16-42-36.jpg,lobelia,314.23877,256.82812,516.7798,580.4154,0.5498417,person
photo_2212@15-03-2024_11-43-21.jpg,lobelia,192.3241,23.801544,536.4772,685.0759,0.5297289,parking meter
photo_2213@15-03-2024_11-43-21.jpg,lobelia,273.99094,249.5284,460.80566,445.34354,0.69782126,person
photo_2214@15-03-2024_11-43-21.jpg,lobelia,270.35455,250.02785,463.66248,454.6164,0.71826166,person
photo_2214@15-03-2024_11-43-21.jpg,lobelia,295.0653,372.2564,395.50912,456.08432,0.27395016,person
photo_2216@15-03-2024_11-43-21.jpg,lobelia,239.29138,601.0359,375.6487,749.44965,0.7506648,person
photo_2216@15-03-2024_11-43-21.jpg,lobelia,351.63715,557.33167,452.29144,742.3023,0.7235575,person
photo_2216@15-03-2024_11-43-21.jpg,lobelia,537.07166,298.5921,792.47577,855.8426,0.6117564,bottle
photo_2216@15-03-2024_11-43-21.jpg,lobelia,423.42813,548.4019,538.8758,858.7869,0.5861032,person
photo_2216@15-03-2024_11-43-21.jpg,lobelia,560.14996,673.1107,680.96643,831.4994,0.2877824,person
photo_2217@15-03-2024_11-43-21.jpg,lobelia,102.36807,98.42878,270.41333,617.88934,0.3844617,bottle
photo_2228@16-03-2024_09-38-55.jpg,lobelia,242.09991,310.35294,632.67065,1044.2092,0.7632338,bottle
photo_2229@16-03-2024_09-38-55.jpg,lobelia,139.97052,52.955505,354.57336,440.1465,0.2510804,book
photo_2241@17-03-2024_17-14-28.jpg,lobelia,99.60809,210.72513,174.68617,295.37155,0.6030784,cup
photo_2242@17-03-2024_17-14-28.jpg,lobelia,358.24246,760.95654,649.0031,1074.8546,0.38842016,cup
photo_2251@17-03-2024_17-14-29.jpg,lobelia,388.80557,565.94324,801.45184,1072.5437,0.8515906,person
photo_2256@18-03-2024_08-28-10.jpg,lobelia,487.4764,296.5133,797.0288,1246.3563,0.5370771,book
photo_2257@18-03-2024_08-28-10.jpg,lobelia,119.13854,102.48116,279.5166,389.17038,0.34071758,book
photo_2262@18-03-2024_08-28-11.jpg,lobelia,463.4959,162.32007,817.25165,1158.1571,0.7835168,bottle
photo_2263@18-03-2024_08-28-11.jpg,lobelia,572.60583,177.12122,1074.3912,792.29083,0.2842881,vase
photo_2264@18-03-2024_08-28-11.jpg,lobelia,194.67859,361.16077,765.4571,1224.9093,0.30411154,book
photo_226@25-12-2021_11-04-48.jpg,lobelia,196.89142,56.922672,222.4376,226.2022,0.6036131,toothbrush
photo_226@25-12-2021_11-04-48.jpg,lobelia,154.29042,50.01955,190.91243,226.87204,0.48375818,toothbrush
photo_226@25-12-2021_11-04-48.jpg,lobelia,239.25644,43.262833,278.36453,224.58385,0.47134548,toothbrush
photo_226@25-12-2021_11-04-48.jpg,lobelia,30.728922,51.638718,63.79774,370.74405,0.40657306,toothbrush
photo_226@25-12-2021_11-04-48.jpg,lobelia,117.34996,50.950287,151.6576,222.42897,0.37739033,spoon
photo_226@25-12-2021_11-04-48.jpg,lobelia,79.323784,44.51458,111.35075,231.61986,0.34083918,spoon
photo_226@25-12-2021_11-04-48.jpg,lobelia,117.27151,47.01208,152.05264,228.59377,0.33540937,toothbrush
photo_226@25-12-2021_11-04-48.jpg,lobelia,220.7355,50.006207,262.6113,231.51062,0.33028802,toothbrush
photo_226@25-12-2021_11-04-48.jpg,lobelia,287.6379,43.712776,327.87054,254.72023,0.31034997,toothbrush
photo_226@25-12-2021_11-04-48.jpg,lobelia,314.59656,51.680546,353.73227,243.4243,0.29877147,toothbrush
photo_226@25-12-2021_11-04-48.jpg,lobelia,74.41387,170.95087,104.79562,363.76297,0.29026026,toothbrush
photo_226@25-12-2021_11-04-48.jpg,lobelia,215.03516,52.733345,242.82594,227.3833,0.27588433,toothbrush
photo_226@25-12-2021_11-04-48.jpg,lobelia,272.29062,41.13577,311.44238,235.82713,0.26087603,toothbrush
photo_2272@18-03-2024_08-28-12.jpg,lobelia,69.22201,60.446312,322.65927,329.23053,0.30934253,clock
photo_2273@18-03-2024_08-28-12.jpg,lobelia,68.60101,62.783215,322.24893,327.65253,0.37544185,clock
photo_227@25-12-2021_11-29-34.jpg,lobelia,727.7694,243.03207,834.4507,771.931,0.3510077,toothbrush
photo_227@25-12-2021_11-29-34.jpg,lobelia,404.59024,208.86774,515.17413,762.5257,0.3309954,spoon
photo_227@25-12-2021_11-29-34.jpg,lobelia,829.7533,226.0802,936.25854,755.5522,0.31213826,toothbrush
photo_227@25-12-2021_11-29-34.jpg,lobelia,627.8076,230.61621,736.421,755.51984,0.31085554,toothbrush
photo_227@25-12-2021_11-29-34.jpg,lobelia,922.7395,204.71448,1048.9918,795.0935,0.252417,toothbrush
photo_227@25-12-2021_11-29-34.jpg,lobelia,319.7652,195.61603,420.99615,776.09753,0.25208285,spoon
photo_227@25-12-2021_11-29-34.jpg,lobelia,496.78125,237.638,623.548,752.12524,0.25171483,spoon
photo_2284@19-03-2024_17-42-03.jpg,lobelia,458.57776,127.8955,680.6826,745.5285,0.55627537,bottle
photo_2284@19-03-2024_17-42-03.jpg,lobelia,178.42728,238.87758,372.8417,721.8043,0.38986304,bottle
photo_2285@19-03-2024_17-42-03.jpg,lobelia,108.25136,77.5035,306.80417,593.74524,0.44105926,bottle
photo_2286@19-03-2024_17-42-03.jpg,lobelia,237.69727,148.06725,375.18588,558.4069,0.82719934,bottle
photo_2288@19-03-2024_17-42-03.jpg,lobelia,275.2303,616.42,825.72406,1002.436,0.4112814,cake
photo_2288@19-03-2024_17-42-03.jpg,lobelia,886.918,534.1632,1056.5278,1154.1903,0.29338035,book
photo_2316@20-03-2024_17-17-02.jpg,lobelia,380.72858,169.64818,584.554,471.26035,0.850282,person
photo_2316@20-03-2024_17-17-02.jpg,lobelia,577.1872,277.0405,735.10236,435.48566,0.3516566,frisbee
photo_2316@20-03-2024_17-17-02.jpg,lobelia,240.90315,1.36067,338.34476,173.61266,0.33062494,book
photo_2325@20-03-2024_18-42-55.jpg,lobelia,565.5238,436.90625,873.913,805.12146,0.81550545,person
photo_2326@21-03-2024_08-31-50.jpg,lobelia,157.81482,6.2077327,753.113,1137.4496,0.6246976,bottle
photo_2332@21-03-2024_08-31-51.jpg,lobelia,629.30835,199.58844,978.5051,1264.2368,0.2837899,bottle
photo_2343@21-03-2024_15-34-38.jpg,lobelia,380.27356,226.39673,585.10114,522.896,0.8566626,person
photo_2343@21-03-2024_15-34-38.jpg,lobelia,579.602,330.26315,739.1899,486.29935,0.41478378,frisbee
photo_2344@21-03-2024_15-37-07.jpg,lobelia,627.2313,200.90948,980.7451,1261.3374,0.28190488,bottle
photo_2345@21-03-2024_18-15-13.jpg,lobelia,722.90247,155.40381,959.96875,1200.0947,0.27862543,scissors
photo_2348@23-03-2024_16-43-25.jpg,lobelia,647.3707,319.77435,959.3042,1231.4971,0.4953761,bottle
photo_2348@23-03-2024_16-43-25.jpg,lobelia,445.29916,308.6785,632.5569,1197.8464,0.40117675,bottle
photo_23@18-11-2021_22-33-18.jpg,lobelia,226.12099,16.642656,360.84637,281.64777,0.77228475,bottle
photo_23@18-11-2021_22-33-18.jpg,lobelia,73.14122,17.63061,209.11293,283.49802,0.73680645,bottle
photo_23@18-11-2021_22-33-18.jpg,lobelia,67.07369,299.45364,204.2686,574.90375,0.55443543,bottle
photo_23@18-11-2021_22-33-18.jpg,lobelia,227.76642,300.3576,364.27792,576.37683,0.37272328,bottle
photo_2458@01-04-2024_17-36-58.jpg,lobelia,306.25732,0.0,755.02325,1038.2604,0.41783306,bottle
photo_2510@08-04-2024_16-36-33.jpg,lobelia,565.4559,508.89767,962.72284,1100.5857,0.92729145,person
photo_2511@08-04-2024_16-36-33.jpg,lobelia,204.25807,266.07874,375.5345,459.20123,0.74457264,person
photo_2512@08-04-2024_16-36-54.jpg,lobelia,296.8006,165.04645,375.16965,345.57443,0.472261,person
photo_251@28-12-2021_14-15-25.jpg,lobelia,157.12592,34.751087,327.02463,480.90768,0.5567714,bottle
photo_255@31-12-2021_12-35-18.jpg,lobelia,280.24835,241.05685,678.57666,1060.0991,0.7713156,bottle
photo_256@31-12-2021_12-35-45.jpg,lobelia,482.7423,351.3052,564.0416,753.7468,0.52062917,toothbrush
photo_256@31-12-2021_12-35-45.jpg,lobelia,315.1114,326.11188,398.5169,745.41315,0.504766,toothbrush
photo_256@31-12-2021_12-35-45.jpg,lobelia,394.49274,342.64258,490.39948,758.9999,0.49417794,toothbrush
photo_256@31-12-2021_12-35-45.jpg,lobelia,577.56537,349.25485,661.1257,754.1854,0.43597883,toothbrush
photo_256@31-12-2021_12-35-45.jpg,lobelia,150.03746,335.9672,243.57695,762.73315,0.4182691,toothbrush
photo_256@31-12-2021_12-35-45.jpg,lobelia,242.97534,340.59875,366.11072,750.1283,0.29645118,toothbrush
photo_2574@17-04-2024_16-00-45.jpg,lobelia,773.90735,151.79495,1206.7778,1068.9875,0.6539203,bottle
photo_2574@17-04-2024_16-00-45.jpg,lobelia,386.92767,220.1623,864.9122,1270.8733,0.38692018,bottle
photo_2574@17-04-2024_16-00-45.jpg,lobelia,71.87688,156.13031,462.8933,1096.8083,0.31345883,bottle
photo_257@31-12-2021_12-35-45.jpg,lobelia,513.3092,323.44635,592.5947,728.7452,0.6200746,toothbrush
photo_257@31-12-2021_12-35-45.jpg,lobelia,256.15015,332.97784,338.16412,725.1689,0.5639257,toothbrush
photo_257@31-12-2021_12-35-45.jpg,lobelia,611.195,316.6764,681.415,739.27563,0.53854275,toothbrush
photo_257@31-12-2021_12-35-45.jpg,lobelia,353.35916,324.81036,433.86508,728.7968,0.51160216,toothbrush
photo_257@31-12-2021_12-35-45.jpg,lobelia,677.27246,327.0573,782.447,1007.1901,0.44039834,toothbrush
photo_257@31-12-2021_12-35-45.jpg,lobelia,453.7796,324.8226,520.1908,724.8917,0.38757813,toothbrush
photo_257@31-12-2021_12-35-45.jpg,lobelia,77.67571,321.49573,146.13583,982.3865,0.29121616,toothbrush
photo_2586@19-04-2024_18-12-26.jpg,lobelia,588.88416,418.4823,798.00366,903.50195,0.36761686,tie
photo_2587@19-04-2024_18-12-27.jpg,lobelia,470.01416,418.73175,659.31555,854.69934,0.29394323,remote
photo_2667@25-04-2024_15-16-58.jpg,lobelia,149.15958,247.69777,300.1779,294.16833,0.29537383,book
photo_2668@25-04-2024_15-27-37.jpg,lobelia,78.02121,753.27527,216.4089,1167.4838,0.5530677,vase
photo_2668@25-04-2024_15-27-37.jpg,lobelia,77.75034,751.5891,218.43658,1172.9778,0.3931741,cup
photo_2668@25-04-2024_15-27-37.jpg,lobelia,681.19275,411.38004,929.327,997.25195,0.26774335,bottle
photo_267@01-01-2022_18-58-37.jpg,lobelia,414.9214,0.0,856.8434,1272.4978,0.34628263,parking meter
photo_268@01-01-2022_18-58-55.jpg,lobelia,348.6754,225.32343,642.7159,933.26154,0.34435704,vase
photo_269@01-01-2022_18-59-58.jpg,lobelia,223.42867,273.62787,643.5154,1114.9902,0.389232,bottle
photo_2759@01-05-2024_09-45-24.jpg,lobelia,150.7618,31.986174,397.8588,543.68884,0.47975886,bottle
photo_2759@01-05-2024_09-45-24.jpg,lobelia,174.9741,373.52267,247.44118,464.17706,0.46782127,cat
photo_276@04-01-2022_20-00-03.jpg,lobelia,182.62108,131.35576,310.03555,440.40076,0.5759622,bottle
photo_277@04-01-2022_20-19-59.jpg,lobelia,467.26697,0.0,831.78894,1280.0,0.6485213,tie
photo_280@04-01-2022_20-19-59.jpg,lobelia,178.0953,0.0,303.4788,480.0,0.6239939,tie
photo_281@04-01-2022_20-19-59.jpg,lobelia,163.36282,0.0,284.10754,443.02985,0.2934015,bottle
photo_282@04-01-2022_20-19-59.jpg,lobelia,122.09379,148.40883,205.50977,489.38226,0.63491,bottle
photo_2831@04-05-2024_17-20-32.jpg,lobelia,341.20813,38.781372,705.1942,1241.6312,0.2590476,tie
photo_2832@04-05-2024_17-20-32.jpg,lobelia,356.8833,65.08593,658.04333,904.0529,0.25310493,tie
photo_2833@04-05-2024_17-20-32.jpg,lobelia,324.79657,152.33539,665.83167,1189.4717,0.33072367,tie
photo_2834@04-05-2024_17-20-32.jpg,lobelia,308.03223,305.34277,636.6865,1194.4985,0.50203586,bottle
photo_2835@04-05-2024_17-20-32.jpg,lobelia,190.86841,0.0,397.4665,600.0,0.45899382,tie
photo_2836@04-05-2024_17-20-32.jpg,lobelia,216.25018,88.64199,456.83768,790.80475,0.68254364,tie
photo_2837@04-05-2024_17-20-33.jpg,lobelia,371.70694,120.202705,710.4498,1126.5142,0.28919455,tie
photo_2838@04-05-2024_17-20-33.jpg,lobelia,211.77661,98.93099,452.90106,795.69495,0.43634456,vase
photo_283@04-01-2022_20-19-59.jpg,lobelia,392.53122,13.06839,617.1197,972.07635,0.4535499,bottle
photo_2870@08-05-2024_15-28-55.jpg,lobelia,256.93765,245.27666,429.83823,511.89703,0.87372,person
photo_2870@08-05-2024_15-28-55.jpg,lobelia,364.68896,261.63672,430.90576,416.12448,0.32553267,person
photo_2898@11-05-2024_17-11-58.jpg,lobelia,435.86865,52.541718,632.02,645.1491,0.78755426,bottle
photo_2898@11-05-2024_17-11-58.jpg,lobelia,64.97457,154.1674,387.19833,914.0206,0.5190005,bottle
photo_2898@11-05-2024_17-11-58.jpg,lobelia,702.3165,166.61613,1017.77026,931.04877,0.4301029,bottle
photo_28@18-11-2021_22-36-11.jpg,lobelia,263.3892,314.81137,334.5949,358.53476,0.3716251,bird
photo_2910@12-05-2024_18-38-58.jpg,lobelia,670.67413,53.01062,1156.514,1238.4116,0.55066407,bottle
photo_294@05-01-2022_21-03-32.jpg,lobelia,137.68118,12.993741,355.47363,468.81943,0.34241796,bottle
photo_2951@14-05-2024_16-12-56.jpg,lobelia,248.52574,4.4640303,416.96844,491.53482,0.32538068,bottle
photo_297@11-01-2022_19-46-10.jpg,lobelia,479.6061,315.85324,811.7345,1147.3868,0.52396697,vase
photo_297@11-01-2022_19-46-10.jpg,lobelia,479.13885,55.90924,815.7935,1153.2925,0.34315705,bottle
photo_298@11-01-2022_19-46-50.jpg,lobelia,125.00153,55.534725,196.76958,126.91637,0.6959569,clock
photo_2@06-11-2021_17-28-00.jpg,lobelia,56.87497,16.989683,194.46869,288.81592,0.31056657,bus
photo_3001@18-05-2024_15-25-18.jpg,lobelia,43.924286,9.741882,412.69687,783.7358,0.45289558,bottle
photo_300@11-01-2022_19-54-43.jpg,lobelia,53.46685,211.56476,182.17764,544.2938,0.5348914,bottle
photo_3012@18-05-2024_18-46-11.jpg,lobelia,387.93658,549.62616,731.3819,955.61725,0.42947575,clock
photo_3030@20-05-2024_16-03-06.jpg,lobelia,454.75476,753.53375,727.597,1064.5753,0.37084743,cup
photo_3031@20-05-2024_16-03-48.jpg,lobelia,215.68285,623.12177,496.94278,1056.4783,0.40234765,cup
photo_3032@20-05-2024_16-05-18.jpg,lobelia,199.64598,164.60196,291.82706,372.2554,0.41896683,bottle
photo_3033@20-05-2024_16-07-12.jpg,lobelia,0.0,63.922287,885.2486,1186.9674,0.28101024,book
photo_3052@21-05-2024_17-39-39.jpg,lobelia,107.81225,265.3171,263.32996,557.76227,0.44471508,book
photo_310@14-01-2022_17-33-09.jpg,lobelia,295.88342,66.270546,718.4411,923.28424,0.31899628,vase
photo_310@14-01-2022_17-33-09.jpg,lobelia,286.15457,62.202217,724.1185,923.06366,0.30873996,bottle
photo_315@14-01-2022_18-16-37.jpg,lobelia,122.96665,91.86439,268.77853,375.24033,0.32766888,cell phone
photo_3167@27-05-2024_15-30-04.jpg,lobelia,252.97395,916.3915,777.3579,1019.94617,0.64863974,book
photo_3167@27-05-2024_15-30-04.jpg,lobelia,255.25383,745.8603,773.62463,922.1625,0.43266976,book
photo_3167@27-05-2024_15-30-04.jpg,lobelia,591.4381,476.0923,765.4334,934.6749,0.30879596,person
photo_316@14-01-2022_18-16-37.jpg,lobelia,120.260315,99.59374,268.63422,390.69275,0.29027355,book
photo_3212@01-06-2024_18-33-52.jpg,lobelia,235.59833,31.400696,993.8537,1271.5085,0.29153016,parking meter
photo_3216@04-06-2024_18-34-37.jpg,lobelia,650.6504,564.8036,958.6238,940.1428,0.8443443,person
photo_3221@05-06-2024_16-07-47.jpg,lobelia,343.1165,0.37158203,877.0348,358.48325,0.2742998,traffic light
photo_3259@06-06-2024_18-05-58.jpg,lobelia,387.9295,549.5346,731.3742,955.7065,0.42492554,clock
photo_329@18-01-2022_16-27-26.jpg,lobelia,222.04109,0.11198759,396.72223,447.92227,0.46785825,toilet
photo_331@18-01-2022_19-25-58.jpg,lobelia,102.30215,9.234333,309.48465,388.21814,0.3944212,parking meter
photo_331@18-01-2022_19-25-58.jpg,lobelia,100.31777,3.3367348,309.82117,388.9646,0.3066962,bottle
photo_3323@12-06-2024_11-32-43.jpg,lobelia,361.73337,31.99408,899.9424,1238.7852,0.4351289,bottle
photo_3323@12-06-2024_11-32-43.jpg,lobelia,408.40298,977.08575,497.73483,1088.5771,0.29191852,bird
photo_336@22-01-2022_16-29-53.jpg,lobelia,236.19554,26.24814,449.93646,500.89877,0.5102743,bottle
photo_336@22-01-2022_16-29-53.jpg,lobelia,3.0236783,13.402388,218.94308,483.9011,0.50379926,bottle
photo_336@22-01-2022_16-29-53.jpg,lobelia,463.4188,44.772633,677.5207,516.07,0.46957582,bottle
photo_338@22-01-2022_16-30-27.jpg,lobelia,206.14923,0.0,356.8517,589.98285,0.4533786,bottle
photo_343@22-01-2022_16-32-06.jpg,lobelia,165.27843,7.883648,356.54468,433.54068,0.39563906,bottle
photo_366@30-01-2022_21-46-07.jpg,lobelia,260.76904,115.97556,503.22995,906.34357,0.46664736,vase
photo_36@19-11-2021_16-29-39.jpg,lobelia,72.4482,28.197899,320.51456,795.14557,0.39879617,vase
photo_384@01-02-2022_18-03-24.jpg,lobelia,142.76509,52.907547,330.23334,433.1219,0.6446011,bottle
photo_384@01-02-2022_18-03-24.jpg,lobelia,315.50287,60.460037,467.31506,428.83618,0.33751726,book
photo_384@01-02-2022_18-03-24.jpg,lobelia,319.26282,74.61549,466.42743,421.79285,0.32965523,bottle
photo_387@01-02-2022_18-05-20.jpg,lobelia,121.93494,12.707691,274.86194,400.0,0.26293918,bottle
photo_388@01-02-2022_18-05-20.jpg,lobelia,153.53291,33.19272,327.1111,477.69724,0.66740876,bottle
photo_389@01-02-2022_18-05-20.jpg,lobelia,157.71263,33.586185,327.18762,481.5695,0.6005442,bottle
photo_38@19-11-2021_16-33-34.jpg,lobelia,250.68515,75.24259,535.04816,695.5062,0.36530742,bottle
photo_38@19-11-2021_16-33-34.jpg,lobelia,501.6201,60.536842,794.82874,711.87177,0.347381,bottle
photo_391@01-02-2022_18-05-20.jpg,lobelia,155.78252,38.924313,333.45108,483.64377,0.5506405,bottle
photo_392@01-02-2022_18-05-20.jpg,lobelia,174.32137,40.039116,369.92947,547.9015,0.6146093,tie
photo_395@01-02-2022_18-06-20.jpg,lobelia,316.83243,247.04489,545.24866,443.97632,0.65253985,cup
photo_396@01-02-2022_18-06-51.jpg,lobelia,172.97308,306.9604,1063.9846,1120.2034,0.3364938,cup
photo_398@01-02-2022_18-08-17.jpg,lobelia,109.82139,19.351042,240.53162,333.37363,0.6410082,bottle
photo_39@19-11-2021_16-33-34.jpg,lobelia,310.81152,398.4171,599.6063,837.3638,0.70285994,bottle
photo_39@19-11-2021_16-33-34.jpg,lobelia,134.26326,437.63004,363.43652,856.6002,0.5971643,bottle
photo_39@19-11-2021_16-33-34.jpg,lobelia,219.56198,36.778122,396.31784,412.1651,0.53172034,bottle
photo_39@19-11-2021_16-33-34.jpg,lobelia,655.5328,409.8619,860.08124,847.93884,0.5000071,bottle
photo_39@19-11-2021_16-33-34.jpg,lobelia,834.17834,411.9677,1064.5135,837.0806,0.4907753,bottle
photo_39@19-11-2021_16-33-34.jpg,lobelia,374.90375,28.231857,581.2746,478.16364,0.48311177,bottle
photo_39@19-11-2021_16-33-34.jpg,lobelia,26.333084,34.454895,208.893,434.99033,0.4535475,bottle
photo_39@19-11-2021_16-33-34.jpg,lobelia,568.6455,3.8877258,752.95044,410.4713,0.37918139,bottle
photo_401@01-02-2022_18-08-17.jpg,lobelia,157.96045,16.121721,338.04663,477.30695,0.40472174,bottle
photo_402@01-02-2022_18-08-17.jpg,lobelia,132.2908,4.7631955,314.83038,445.67868,0.31013274,bottle
photo_403@01-02-2022_18-08-17.jpg,lobelia,169.7947,68.2508,313.51288,428.62787,0.62205684,bottle
photo_404@01-02-2022_18-08-17.jpg,lobelia,131.4876,3.149085,314.392,447.10364,0.4620273,bottle
photo_405@01-02-2022_18-08-17.jpg,lobelia,776.7477,840.88385,1048.7875,1153.0007,0.5291675,mouse
photo_405@01-02-2022_18-08-17.jpg,lobelia,775.96423,477.69055,1044.8801,786.14685,0.40386808,mouse
photo_405@01-02-2022_18-08-17.jpg,lobelia,777.9101,106.59953,1051.031,425.94696,0.36199588,mouse
photo_406@01-02-2022_18-08-17.jpg,lobelia,403.8378,53.829895,868.31775,1219.123,0.5235705,bottle
photo_407@01-02-2022_18-08-17.jpg,lobelia,158.3764,17.30113,340.7754,477.84726,0.36221123,bottle
photo_408@01-02-2022_18-08-18.jpg,lobelia,125.96578,18.410587,268.0896,385.71448,0.5353275,bottle
photo_411@01-02-2022_18-09-08.jpg,lobelia,101.36701,8.842201,310.71667,389.1094,0.34873965,parking meter
photo_413@01-02-2022_18-09-08.jpg,lobelia,295.28345,67.981674,718.9479,923.5226,0.31907994,vase
photo_413@01-02-2022_18-09-08.jpg,lobelia,285.59763,62.659218,724.91705,922.26526,0.30779004,bottle
photo_415@01-02-2022_18-09-45.jpg,lobelia,125.32024,55.507164,196.64996,126.50288,0.6326163,clock
photo_416@01-02-2022_18-09-45.jpg,lobelia,108.13726,27.99594,148.31969,72.25794,0.2612131,clock
photo_417@01-02-2022_18-09-45.jpg,lobelia,53.442616,223.04753,182.49484,544.29865,0.53903264,bottle
photo_422@03-02-2022_17-59-20.jpg,lobelia,512.9258,323.58282,592.4868,728.67633,0.6112405,toothbrush
photo_422@03-02-2022_17-59-20.jpg,lobelia,255.50433,333.19165,338.04205,725.36414,0.5592355,toothbrush
photo_422@03-02-2022_17-59-20.jpg,lobelia,611.291,316.73697,681.49194,740.15576,0.53387326,toothbrush
photo_422@03-02-2022_17-59-20.jpg,lobelia,353.64682,324.79718,433.8597,729.4195,0.50511914,toothbrush
photo_422@03-02-2022_17-59-20.jpg,lobelia,676.079,327.2601,781.90234,1006.98987,0.46001568,toothbrush
photo_422@03-02-2022_17-59-20.jpg,lobelia,453.5797,326.5139,515.8304,710.09717,0.3895031,toothbrush
photo_422@03-02-2022_17-59-20.jpg,lobelia,77.427635,322.53485,146.7391,983.34015,0.30615327,toothbrush
photo_423@03-02-2022_17-59-20.jpg,lobelia,482.87732,351.20776,563.8544,753.95825,0.5350873,toothbrush
photo_423@03-02-2022_17-59-20.jpg,lobelia,394.10223,343.09198,490.09802,758.7314,0.50943065,toothbrush
photo_423@03-02-2022_17-59-20.jpg,lobelia,314.74258,327.60544,397.67966,746.3451,0.5051504,toothbrush
photo_423@03-02-2022_17-59-20.jpg,lobelia,576.9568,348.43964,661.00574,755.4406,0.4435495,toothbrush
photo_423@03-02-2022_17-59-20.jpg,lobelia,149.91,336.96713,244.22714,763.84216,0.43696856,toothbrush
photo_423@03-02-2022_17-59-20.jpg,lobelia,241.11572,341.1572,365.98157,750.4674,0.29007304,toothbrush
photo_429@03-02-2022_18-12-35.jpg,lobelia,414.5611,93.44733,883.3371,1188.1538,0.26158878,surfboard
photo_42@19-11-2021_16-41-17.jpg,lobelia,127.408104,52.749195,202.40448,200.67474,0.6650477,bottle
photo_42@19-11-2021_16-41-17.jpg,lobelia,21.049759,60.301632,94.86828,195.46971,0.4627119,bottle
photo_438@08-02-2022_18-00-58.jpg,lobelia,111.92029,31.272871,461.16278,579.2671,0.2773248,bottle
photo_447@12-02-2022_17-52-25.jpg,lobelia,172.2846,103.974304,319.63574,428.5105,0.28675738,book
photo_44@19-11-2021_16-50-08.jpg,lobelia,248.23088,250.70406,665.10547,876.0321,0.58855915,cell phone
photo_467@14-02-2022_16-01-25.jpg,lobelia,25.711578,69.06593,225.42291,239.88484,0.34925103,vase
photo_471@14-02-2022_18-40-45.jpg,lobelia,361.3491,8.639588,449.1059,434.09055,0.36058426,refrigerator
photo_474@15-02-2022_00-59-42.jpg,lobelia,118.75486,9.437191,184.59238,102.132965,0.39419958,cup
photo_474@15-02-2022_00-59-42.jpg,lobelia,127.23003,15.236777,188.20735,288.2365,0.38968238,tie
photo_474@15-02-2022_00-59-42.jpg,lobelia,186.46498,5.0897737,245.70549,293.26022,0.37877646,tie
photo_474@15-02-2022_00-59-42.jpg,lobelia,55.334625,12.565505,121.925934,100.961296,0.30422822,cup
photo_474@15-02-2022_00-59-42.jpg,lobelia,184.05989,3.803322,246.2347,234.68852,0.28244987,bottle
photo_475@15-02-2022_01-00-22.jpg,lobelia,132.98859,224.7039,548.32635,677.7351,0.30280924,book
photo_477@15-02-2022_01-01-33.jpg,lobelia,163.13553,97.178505,213.67699,325.59378,0.5678156,toothbrush
photo_477@15-02-2022_01-01-33.jpg,lobelia,79.06476,94.22238,128.93182,342.5199,0.52103996,toothbrush
photo_477@15-02-2022_01-01-33.jpg,lobelia,212.95491,100.12923,264.54736,325.7287,0.5181328,toothbrush
photo_477@15-02-2022_01-01-33.jpg,lobelia,269.04575,102.16854,312.75748,331.11618,0.5177937,toothbrush
photo_477@15-02-2022_01-01-33.jpg,lobelia,318.72305,102.247246,368.02725,334.31522,0.46393338,toothbrush
photo_477@15-02-2022_01-01-33.jpg,lobelia,123.65408,93.700905,172.27274,327.0153,0.4506324,toothbrush
photo_478@15-02-2022_01-01-33.jpg,lobelia,202.27847,117.95793,230.60619,265.83307,0.66229916,toothbrush
photo_478@15-02-2022_01-01-33.jpg,lobelia,101.69324,118.528725,128.92636,269.51303,0.6332931,toothbrush
photo_478@15-02-2022_01-01-33.jpg,lobelia,21.422962,113.77303,53.765827,367.03204,0.62277645,toothbrush
photo_478@15-02-2022_01-01-33.jpg,lobelia,240.46976,116.52118,266.96683,270.51114,0.61492825,toothbrush
photo_478@15-02-2022_01-01-33.jpg,lobelia,139.11705,117.00834,166.42737,268.8923,0.5938726,toothbrush
photo_478@15-02-2022_01-01-33.jpg,lobelia,174.76448,122.07054,196.08955,261.51093,0.565025,toothbrush
photo_478@15-02-2022_01-01-33.jpg,lobelia,269.72806,129.81552,306.68472,378.1589,0.3990005,toothbrush
photo_478@15-02-2022_01-01-33.jpg,lobelia,28.013758,214.76845,47.95635,346.48544,0.28597516,toothbrush
photo_482@15-02-2022_01-05-24.jpg,lobelia,31.42028,26.630861,237.5066,463.65707,0.25597212,vase
photo_491@15-02-2022_01-08-52.jpg,lobelia,248.59604,72.15879,535.6476,702.77686,0.3241019,bottle
photo_491@15-02-2022_01-08-52.jpg,lobelia,486.0581,59.901276,794.7779,711.48413,0.31075415,bottle
photo_495@15-02-2022_01-11-12.jpg,lobelia,693.12506,101.59613,1104.0955,1210.209,0.4260125,bottle
photo_499@15-02-2022_22-31-33.jpg,lobelia,348.84232,799.72363,517.4345,913.66486,0.42450854,donut
photo_505@16-02-2022_17-18-43.jpg,lobelia,15.278266,76.88626,125.70774,297.60873,0.4537791,bottle
photo_505@16-02-2022_17-18-43.jpg,lobelia,225.54494,74.953316,336.88058,294.71207,0.40500882,bottle
photo_506@16-02-2022_17-19-22.jpg,lobelia,200.8083,134.78517,297.16974,209.56981,0.49697065,stop sign
photo_515@17-02-2022_17-50-27.jpg,lobelia,552.933,219.8079,875.0172,927.4513,0.74466264,bottle
photo_517@17-02-2022_17-51-19.jpg,lobelia,127.0743,26.986313,261.46216,470.67914,0.4085123,bottle
photo_518@17-02-2022_17-51-38.jpg,lobelia,164.77742,149.76964,312.2281,468.94705,0.3566049,bottle
photo_519@17-02-2022_17-52-03.jpg,lobelia,141.06071,21.123768,339.3317,491.23126,0.56313616,bottle
photo_522@17-02-2022_17-55-18.jpg,lobelia,339.10098,14.289999,676.44,979.8329,0.50487363,surfboard
photo_523@17-02-2022_17-57-18.jpg,lobelia,110.80201,6.698251,388.58713,472.8716,0.3388194,parking meter
photo_527@20-02-2022_15-14-08.jpg,lobelia,104.15173,0.0,377.35742,466.8195,0.43655932,bottle
photo_533@21-02-2022_21-17-57.jpg,lobelia,358.19055,760.8697,648.48706,1074.7871,0.3942753,cup
photo_54@20-11-2021_19-50-44.jpg,lobelia,267.20895,139.01666,387.62372,338.54355,0.507404,bottle
photo_54@20-11-2021_19-50-44.jpg,lobelia,143.8441,141.494,258.78287,325.83313,0.5060694,bottle
photo_54@20-11-2021_19-50-44.jpg,lobelia,14.11284,136.71936,133.94875,330.8662,0.39514452,bottle
photo_54@20-11-2021_19-50-44.jpg,lobelia,140.69022,134.0944,263.01123,335.12665,0.29012486,cell phone
photo_550@22-02-2022_18-32-07.jpg,lobelia,416.06857,0.0,857.6279,1271.5076,0.31981283,parking meter
photo_552@22-02-2022_18-32-08.jpg,lobelia,348.38028,224.05608,642.5744,935.5187,0.31376225,vase
photo_55@22-11-2021_16-56-47.jpg,lobelia,175.9712,55.556175,198.63324,194.62361,0.45863387,toothbrush
photo_55@22-11-2021_16-56-47.jpg,lobelia,138.2448,42.360474,170.04109,198.49173,0.44742778,toothbrush
photo_55@22-11-2021_16-56-47.jpg,lobelia,106.75105,41.879807,140.23494,196.91936,0.4368042,spoon
photo_55@22-11-2021_16-56-47.jpg,lobelia,211.35081,46.705406,235.95322,205.0422,0.2951,spoon
photo_55@22-11-2021_16-56-47.jpg,lobelia,74.992386,40.636745,101.78611,201.21062,0.28661063,spoon
photo_55@22-11-2021_16-56-47.jpg,lobelia,65.90521,30.041626,100.28951,309.29874,0.27070415,toothbrush
photo_55@22-11-2021_16-56-47.jpg,lobelia,34.706726,33.6365,61.213676,314.2341,0.2704686,spoon
photo_55@22-11-2021_16-56-47.jpg,lobelia,104.44488,41.29276,140.36948,202.27542,0.25597903,toothbrush
photo_565@26-02-2022_18-10-15.jpg,lobelia,236.19554,26.24814,449.93646,500.89877,0.5102743,bottle
photo_565@26-02-2022_18-10-15.jpg,lobelia,3.0236783,13.402388,218.94308,483.9011,0.50379926,bottle
photo_565@26-02-2022_18-10-15.jpg,lobelia,463.4188,44.772633,677.5207,516.07,0.46957582,bottle
photo_568@27-02-2022_18-20-45.jpg,lobelia,27.349586,0.0,190.94444,489.76666,0.5290043,bottle
photo_568@27-02-2022_18-20-45.jpg,lobelia,276.77026,0.0,436.78333,491.38443,0.45817077,bottle
photo_574@02-03-2022_15-03-31.jpg,lobelia,257.70538,29.347013,624.53973,890.5138,0.3976604,cake
photo_578@02-03-2022_16-27-27.jpg,lobelia,31.42028,26.630861,237.5066,463.65707,0.25597212,vase
photo_580@02-03-2022_16-28-15.jpg,lobelia,416.06857,0.0,857.6279,1271.5076,0.31981283,parking meter
photo_581@02-03-2022_16-28-37.jpg,lobelia,348.38028,224.05608,642.5744,935.5187,0.31376225,vase
photo_586@02-03-2022_16-32-08.jpg,lobelia,316.83243,247.04489,545.24866,443.97632,0.65253985,cup
photo_587@02-03-2022_16-32-48.jpg,lobelia,172.97308,306.9604,1063.9846,1120.2034,0.3364938,cup
photo_589@02-03-2022_16-34-08.jpg,lobelia,361.3491,8.639588,449.1059,434.09055,0.36058426,refrigerator
photo_596@07-03-2022_16-58-23.jpg,lobelia,486.37866,223.07648,815.1885,1252.1909,0.2878139,book
photo_598@08-03-2022_08-30-42.jpg,lobelia,146.56277,40.298508,304.1756,565.38776,0.5344481,bottle
photo_598@08-03-2022_08-30-42.jpg,lobelia,135.96024,42.8762,309.7922,568.77374,0.48696685,remote
photo_599@08-03-2022_08-31-13.jpg,lobelia,276.83295,58.389282,480.2624,968.1013,0.5215408,tie
photo_599@08-03-2022_08-31-13.jpg,lobelia,450.30518,23.875332,700.5213,979.4159,0.45224455,tie
photo_601@08-03-2022_08-35-38.jpg,lobelia,74.94839,128.07619,276.92908,427.85156,0.30570328,book
photo_606@08-03-2022_17-00-51.jpg,lobelia,164.63783,87.915085,308.17932,448.4476,0.32059702,book
photo_611@08-03-2022_17-13-47.jpg,lobelia,155.17094,15.735412,349.8072,490.6048,0.3087428,tie
photo_612@08-03-2022_18-51-07.jpg,lobelia,303.05682,182.20547,720.7622,1024.0,0.32324415,book
photo_613@08-03-2022_18-56-13.jpg,lobelia,263.9547,287.34103,771.5574,1268.3517,0.28235474,book
photo_614@08-03-2022_18-57-25.jpg,lobelia,202.37708,26.490982,394.9345,575.50574,0.3717371,bottle
photo_618@12-03-2022_18-46-01.jpg,lobelia,85.360435,44.438488,428.34683,627.4736,0.26745558,cup
photo_621@12-03-2022_18-48-19.jpg,lobelia,356.42645,46.109375,936.4156,1233.1378,0.28217307,bottle
photo_623@15-03-2022_16-19-04.jpg,lobelia,337.9424,14.55542,937.5242,1233.3623,0.43204093,bottle
photo_623@15-03-2022_16-19-04.jpg,lobelia,530.6584,904.3944,693.5457,1058.3225,0.2820284,bird
photo_627@15-03-2022_16-20-52.jpg,lobelia,249.18633,22.686283,367.37286,81.25963,0.40081546,cup
photo_627@15-03-2022_16-20-52.jpg,lobelia,147.263,113.81337,174.76645,174.4927,0.3740978,traffic light
photo_627@15-03-2022_16-20-52.jpg,lobelia,99.57394,24.303627,198.99033,78.60744,0.35846546,bowl
photo_627@15-03-2022_16-20-52.jpg,lobelia,100.202805,24.843758,199.12376,78.30581,0.3114605,cup
photo_62@24-11-2021_08-53-12.jpg,lobelia,340.61136,0.0,601.9225,1268.8268,0.28004777,vase
photo_62@24-11-2021_08-53-12.jpg,lobelia,664.90234,0.0,926.80945,1257.6812,0.27340442,vase
photo_62@24-11-2021_08-53-12.jpg,lobelia,982.3067,0.0,1237.4193,1264.0256,0.25747067,vase
photo_630@15-03-2022_18-27-05.jpg,lobelia,107.299545,46.732563,387.68765,77.49845,0.39756858,book
photo_646@18-03-2022_18-58-33.jpg,lobelia,160.78757,132.3196,324.0175,426.13293,0.2825695,book
photo_651@18-03-2022_20-06-19.jpg,lobelia,491.28305,161.80353,850.9585,1178.5259,0.52878344,bottle
photo_656@24-03-2022_14-12-19.jpg,lobelia,170.29724,56.24341,250.40439,135.58676,0.25579935,clock
photo_658@24-03-2022_18-22-04.jpg,lobelia,379.9851,88.92682,908.07837,1191.2305,0.47713557,bottle
photo_659@26-03-2022_15-19-33.jpg,lobelia,117.3069,99.80386,277.5,390.08017,0.25473517,book
photo_65@24-11-2021_21-26-54.jpg,lobelia,282.19925,34.603836,674.34406,990.1953,0.5629715,surfboard
photo_660@26-03-2022_15-31-42.jpg,lobelia,156.42035,71.660194,384.60416,516.7354,0.593804,bottle
photo_669@29-03-2022_17-01-19.jpg,lobelia,695.085,280.67667,915.7752,1151.7467,0.3219288,book
photo_674@30-03-2022_16-12-44.jpg,lobelia,512.9258,323.58282,592.4868,728.67633,0.6112405,toothbrush
photo_674@30-03-2022_16-12-44.jpg,lobelia,255.50433,333.19165,338.04205,725.36414,0.5592355,toothbrush
photo_674@30-03-2022_16-12-44.jpg,lobelia,611.291,316.73697,681.49194,740.15576,0.53387326,toothbrush
photo_674@30-03-2022_16-12-44.jpg,lobelia,353.64682,324.79718,433.8597,729.4195,0.50511914,toothbrush
photo_674@30-03-2022_16-12-44.jpg,lobelia,676.079,327.2601,781.90234,1006.98987,0.46001568,toothbrush
photo_674@30-03-2022_16-12-44.jpg,lobelia,453.5797,326.5139,515.8304,710.09717,0.3895031,toothbrush
photo_674@30-03-2022_16-12-44.jpg,lobelia,77.427635,322.53485,146.7391,983.34015,0.30615327,toothbrush
photo_675@30-03-2022_16-12-44.jpg,lobelia,482.87732,351.20776,563.8544,753.95825,0.5350873,toothbrush
photo_675@30-03-2022_16-12-44.jpg,lobelia,394.10223,343.09198,490.09802,758.7314,0.50943065,toothbrush
photo_675@30-03-2022_16-12-44.jpg,lobelia,314.74258,327.60544,397.67966,746.3451,0.5051504,toothbrush
photo_675@30-03-2022_16-12-44.jpg,lobelia,576.9568,348.43964,661.00574,755.4406,0.4435495,toothbrush
photo_675@30-03-2022_16-12-44.jpg,lobelia,149.91,336.96713,244.22714,763.84216,0.43696856,toothbrush
photo_675@30-03-2022_16-12-44.jpg,lobelia,241.11572,341.1572,365.98157,750.4674,0.29007304,toothbrush
photo_676@30-03-2022_16-12-44.jpg,lobelia,195.49704,50.667057,224.86807,225.2806,0.6116855,toothbrush
photo_676@30-03-2022_16-12-44.jpg,lobelia,149.83556,46.186523,189.39194,227.06337,0.4940816,toothbrush
photo_676@30-03-2022_16-12-44.jpg,lobelia,239.10973,43.562164,278.39008,225.01598,0.4654503,toothbrush
photo_676@30-03-2022_16-12-44.jpg,lobelia,30.705103,51.73649,63.49916,369.77582,0.46186668,toothbrush
photo_676@30-03-2022_16-12-44.jpg,lobelia,119.503525,56.42292,153.37817,225.54727,0.45780805,toothbrush
photo_676@30-03-2022_16-12-44.jpg,lobelia,222.35864,50.26656,262.92267,230.99849,0.3368182,toothbrush
photo_676@30-03-2022_16-12-44.jpg,lobelia,284.97748,47.9296,320.78772,248.68602,0.32810003,toothbrush
photo_676@30-03-2022_16-12-44.jpg,lobelia,183.76672,50.14227,213.7631,225.65117,0.29286563,toothbrush
photo_676@30-03-2022_16-12-44.jpg,lobelia,73.25248,167.68661,106.53615,364.55936,0.2875364,toothbrush
photo_676@30-03-2022_16-12-44.jpg,lobelia,68.51476,39.00896,109.576065,343.57178,0.26755184,toothbrush
photo_676@30-03-2022_16-12-44.jpg,lobelia,315.16846,54.821136,353.65155,242.88765,0.26483706,toothbrush
photo_684@30-03-2022_16-18-26.jpg,lobelia,194.67859,361.16077,765.4571,1224.9093,0.30411154,book
photo_688@01-04-2022_09-30-07.jpg,lobelia,11.109939,51.76828,131.27808,598.0,0.29522356,tie
photo_68@24-11-2021_21-28-04.jpg,lobelia,111.81313,101.76496,183.73169,229.54837,0.83592397,person
photo_690@01-04-2022_09-30-33.jpg,lobelia,319.04428,49.418232,428.88736,556.65424,0.3614806,parking meter
photo_692@02-04-2022_11-49-22.jpg,lobelia,545.7233,663.65283,774.6263,970.182,0.7174368,person
photo_692@02-04-2022_11-49-22.jpg,lobelia,590.7637,503.76944,842.07947,971.00366,0.65111446,person
photo_692@02-04-2022_11-49-22.jpg,lobelia,705.85956,973.3265,769.67633,1029.2993,0.29154193,sports ball
photo_698@02-04-2022_14-27-07.jpg,lobelia,238.54622,24.233322,557.8086,800.0,0.46736392,parking meter
photo_705@03-04-2022_11-28-03.jpg,lobelia,149.25217,9.276521,317.73416,443.30264,0.37756398,surfboard
photo_705@03-04-2022_11-28-03.jpg,lobelia,151.69832,28.271608,317.9778,435.12967,0.3071969,tie
photo_709@03-04-2022_19-35-22.jpg,lobelia,247.82542,95.19245,514.93677,924.72876,0.42096302,tie
photo_711@03-04-2022_19-35-37.jpg,lobelia,260.76904,115.97556,503.22995,906.34357,0.46664736,vase
photo_712@03-04-2022_19-35-43.jpg,lobelia,154.2311,3.3060853,306.89322,447.1247,0.34519723,tie
photo_713@03-04-2022_19-35-49.jpg,lobelia,209.85748,105.943405,454.54834,803.57117,0.2668245,remote
photo_714@03-04-2022_19-35-57.jpg,lobelia,370.31152,18.507788,757.8646,1058.5648,0.3670404,tie
photo_715@03-04-2022_19-36-03.jpg,lobelia,159.17798,0.0,330.41888,492.14127,0.43632644,tie
photo_716@03-04-2022_19-36-20.jpg,lobelia,400.52924,324.31662,660.32513,1147.188,0.52742493,book
photo_719@07-04-2022_18-07-15.jpg,lobelia,686.75397,162.40707,891.4913,557.3438,0.53626555,person
photo_71@26-11-2021_15-50-08.jpg,lobelia,44.253662,18.520298,135.25581,317.18658,0.26724875,bottle
photo_725@09-04-2022_16-59-34.jpg,lobelia,574.2991,178.6236,1073.4252,790.51495,0.26647088,vase
photo_726@09-04-2022_17-42-55.jpg,lobelia,15.278266,76.88626,125.70774,297.60873,0.4537791,bottle
photo_726@09-04-2022_17-42-55.jpg,lobelia,225.54494,74.953316,336.88058,294.71207,0.40500882,bottle
photo_72@26-11-2021_15-50-22.jpg,lobelia,15.350132,75.229065,125.8197,299.6079,0.38612854,bottle
photo_72@26-11-2021_15-50-22.jpg,lobelia,226.86536,75.03741,336.37836,293.62225,0.32608774,cup
photo_737@09-04-2022_17-47-55.jpg,lobelia,125.32024,55.507164,196.64996,126.50288,0.6326163,clock
photo_739@09-04-2022_17-49-10.jpg,lobelia,127.0743,26.986313,261.46216,470.67914,0.4085123,bottle
photo_740@09-04-2022_17-49-27.jpg,lobelia,552.933,219.8079,875.0172,927.4513,0.74466264,bottle
photo_741@09-04-2022_17-49-56.jpg,lobelia,141.06071,21.123768,339.3317,491.23126,0.56313616,bottle
photo_743@09-04-2022_18-41-22.jpg,lobelia,248.59604,72.15879,535.6476,702.77686,0.3241019,bottle
photo_743@09-04-2022_18-41-22.jpg,lobelia,486.0581,59.901276,794.7779,711.48413,0.31075415,bottle
photo_744@09-04-2022_18-42-38.jpg,lobelia,358.19055,760.8697,648.48706,1074.7871,0.3942753,cup
photo_748@10-04-2022_17-52-38.jpg,lobelia,295.99725,30.865908,713.16034,986.24786,0.27730826,stop sign
photo_767@10-04-2022_18-22-48.jpg,lobelia,109.82139,19.351042,240.53162,333.37363,0.6410082,bottle
photo_770@10-04-2022_18-22-48.jpg,lobelia,157.96045,16.121721,338.04663,477.30695,0.40472174,bottle
photo_771@10-04-2022_18-24-00.jpg,lobelia,132.2908,4.7631955,314.83038,445.67868,0.31013274,bottle
photo_772@10-04-2022_18-24-01.jpg,lobelia,169.7947,68.2508,313.51288,428.62787,0.62205684,bottle
photo_773@10-04-2022_18-24-01.jpg,lobelia,131.4876,3.149085,314.392,447.10364,0.4620273,bottle
photo_774@10-04-2022_18-24-01.jpg,lobelia,776.7477,840.88385,1048.7875,1153.0007,0.5291675,mouse
photo_774@10-04-2022_18-24-01.jpg,lobelia,775.96423,477.69055,1044.8801,786.14685,0.40386808,mouse
photo_774@10-04-2022_18-24-01.jpg,lobelia,777.9101,106.59953,1051.031,425.94696,0.36199588,mouse
photo_775@10-04-2022_18-24-01.jpg,lobelia,403.8378,53.829895,868.31775,1219.123,0.5235705,bottle
photo_776@10-04-2022_18-24-01.jpg,lobelia,158.3764,17.30113,340.7754,477.84726,0.36221123,bottle
photo_777@10-04-2022_18-24-01.jpg,lobelia,125.96578,18.410587,268.0896,385.71448,0.5353275,bottle
photo_77@26-11-2021_15-54-05.jpg,lobelia,504.80487,165.73811,959.11523,743.0174,0.26142946,refrigerator
photo_781@10-04-2022_18-24-02.jpg,lobelia,128.0848,0.0,315.93478,442.76407,0.37179187,bottle
photo_783@10-04-2022_18-24-02.jpg,lobelia,163.02196,2.5845118,391.0047,549.5392,0.25173095,vase
photo_784@10-04-2022_18-24-02.jpg,lobelia,156.7916,17.292429,342.66193,480.6472,0.26964363,bottle
photo_786@10-04-2022_18-37-53.jpg,lobelia,244.90378,3.7516735,354.44794,266.0203,0.4340854,cell phone
photo_788@10-04-2022_18-37-53.jpg,lobelia,366.63956,31.635452,618.59125,423.12622,0.30159646,cup
photo_788@10-04-2022_18-37-53.jpg,lobelia,330.26852,377.7717,676.75024,899.57916,0.28101832,cup
photo_789@10-04-2022_18-37-53.jpg,lobelia,185.76,4.002559,315.62155,210.28471,0.4586358,cup
photo_78@26-11-2021_15-55-15.jpg,lobelia,628.7633,700.15594,987.64453,909.6079,0.27827826,vase
photo_790@10-04-2022_18-37-53.jpg,lobelia,148.82014,179.5966,320.86057,429.75,0.55919737,cell phone
photo_791@10-04-2022_18-37-53.jpg,lobelia,112.18252,22.73655,289.53955,363.0377,0.3426588,vase
photo_793@10-04-2022_18-37-53.jpg,lobelia,365.8025,6.682086,629.1502,435.23645,0.32793152,cup
photo_806@10-04-2022_19-19-54.jpg,lobelia,199.58278,113.24185,312.11133,462.59384,0.35773697,book
photo_806@10-04-2022_19-19-54.jpg,lobelia,141.7234,107.47656,223.70338,471.91525,0.3351308,book
photo_806@10-04-2022_19-19-54.jpg,lobelia,282.3424,111.557465,359.00223,455.56815,0.2850288,book
photo_80@26-11-2021_15-57-21.jpg,lobelia,143.9888,55.49305,255.78865,397.51785,0.46393684,bottle
photo_832@15-04-2022_18-05-48.jpg,lobelia,123.52718,14.47031,278.44235,379.97748,0.3322903,bottle
photo_835@15-04-2022_18-07-53.jpg,lobelia,195.0441,231.06303,294.10828,353.86227,0.34599933,stop sign
photo_839@15-04-2022_18-09-58.jpg,lobelia,222.61076,252.12479,325.2126,383.6161,0.68919533,stop sign
photo_845@15-04-2022_18-13-21.jpg,lobelia,103.805466,347.2312,481.42596,486.08698,0.37012577,microwave
photo_846@15-04-2022_18-13-51.jpg,lobelia,206.98997,21.295488,347.41757,492.98737,0.46459916,bottle
photo_848@15-04-2022_18-15-08.jpg,lobelia,380.7604,116.09973,876.1145,1144.0881,0.7270169,bottle
photo_852@15-04-2022_18-17-51.jpg,lobelia,353.23752,0.0,451.07956,500.0,0.4335154,bottle
photo_852@15-04-2022_18-17-51.jpg,lobelia,237.66037,0.0,338.5316,500.0,0.4208921,bottle
photo_852@15-04-2022_18-17-51.jpg,lobelia,122.60423,0.0,223.99965,500.0,0.37135884,bottle
photo_852@15-04-2022_18-17-51.jpg,lobelia,8.811217,0.0,110.509926,500.0,0.33861676,bottle
photo_853@15-04-2022_18-17-51.jpg,lobelia,339.27393,0.0,602.55005,1270.4565,0.25886053,vase
photo_853@15-04-2022_18-17-51.jpg,lobelia,663.9988,0.0,927.6544,1257.9331,0.2537638,vase
photo_853@15-04-2022_18-17-51.jpg,lobelia,982.1582,0.0,1237.7922,1263.1953,0.25078157,vase
photo_854@15-04-2022_18-17-51.jpg,lobelia,19.010525,204.02246,354.50287,732.9537,0.33868906,cup
photo_854@15-04-2022_18-17-51.jpg,lobelia,14.315021,204.41524,356.7677,739.0488,0.25176907,vase
photo_855@15-04-2022_18-23-11.jpg,lobelia,211.77545,4.461145,385.7462,311.6997,0.69251984,bottle
photo_858@16-04-2022_16-25-26.jpg,lobelia,225.6361,128.93286,383.1945,566.31335,0.29996014,book
photo_85@26-11-2021_16-02-22.jpg,lobelia,361.87033,149.8082,573.43665,764.4574,0.3054837,book
photo_884@20-04-2022_11-41-40.jpg,lobelia,165.27843,7.883648,356.54468,433.54068,0.39563906,bottle
photo_885@21-04-2022_12-06-42.jpg,lobelia,263.55362,315.10336,333.81,362.80252,0.45876786,bird
photo_886@21-04-2022_12-07-02.jpg,lobelia,150.23894,23.066973,398.56567,532.9616,0.46982858,bottle
photo_886@21-04-2022_12-07-02.jpg,lobelia,175.92087,371.51614,246.78001,464.82877,0.4681968,cat
photo_892@22-04-2022_19-08-50.jpg,lobelia,195.31673,94.59027,608.6784,1247.6028,0.30206856,book
photo_896@22-04-2022_19-45-00.jpg,lobelia,283.31223,77.268295,519.45496,738.7684,0.61093825,remote
photo_897@22-04-2022_19-47-12.jpg,lobelia,457.90076,0.0,795.75745,1198.4973,0.29712057,surfboard
photo_898@22-04-2022_19-49-47.jpg,lobelia,458.5934,51.760376,841.9888,1150.3661,0.40093774,tie
photo_898@22-04-2022_19-49-47.jpg,lobelia,457.99432,50.93866,843.88104,1153.77,0.394338,bottle
photo_899@22-04-2022_19-50-56.jpg,lobelia,655.5989,354.98782,1155.9835,1263.7742,0.3141979,toilet
photo_89@27-11-2021_19-06-01.jpg,lobelia,175.06456,372.7769,246.9809,463.83936,0.53705275,cat
photo_89@27-11-2021_19-06-01.jpg,lobelia,149.84628,35.249176,399.82812,543.9338,0.4306348,bottle
photo_900@22-04-2022_19-52-31.jpg,lobelia,473.4457,239.96301,835.6979,1242.5575,0.38784188,book
photo_917@28-04-2022_16-40-00.jpg,lobelia,496.89417,31.536194,971.38135,1280.0,0.38344052,stop sign
photo_919@28-04-2022_16-41-06.jpg,lobelia,195.31673,94.59027,608.6784,1247.6028,0.30206856,book
photo_924@01-05-2022_08-57-22.jpg,lobelia,26.598356,182.13362,278.16556,291.85284,0.44357276,toothbrush
photo_939@13-06-2022_20-07-08.jpg,lobelia,71.85612,246.93913,146.89622,306.18942,0.7471781,cup
photo_951@02-07-2022_15-48-09.jpg,lobelia,144.03194,0.0,292.99786,415.9801,0.28554875,tie
photo_952@02-07-2022_15-48-09.jpg,lobelia,343.41245,15.320873,641.0459,972.1262,0.28037718,bottle
photo_953@02-07-2022_15-48-10.jpg,lobelia,87.54749,14.853306,200.33443,391.40503,0.6998461,bottle
photo_953@02-07-2022_15-48-10.jpg,lobelia,87.505775,7.139702,200.69716,388.6586,0.43995333,cell phone
photo_958@02-07-2022_15-55-50.jpg,lobelia,539.2,933.4732,764.1311,1076.0398,0.77168506,donut
photo_958@02-07-2022_15-55-50.jpg,lobelia,188.39561,175.88742,656.33856,632.71173,0.42710316,clock
photo_965@02-07-2022_16-28-41.jpg,lobelia,132.98859,224.7039,548.32635,677.7351,0.30280924,book
photo_968@02-07-2022_16-34-49.jpg,lobelia,686.75397,162.40707,891.4913,557.3438,0.53626555,person
photo_980@07-07-2022_17-47-52.jpg,lobelia,386.31168,263.0547,526.67755,628.6989,0.32899714,person
photo_984@10-07-2022_16-40-41.jpg,lobelia,127.0743,26.986313,261.46216,470.67914,0.4085123,bottle
photo_985@10-07-2022_16-41-22.jpg,lobelia,552.933,219.8079,875.0172,927.4513,0.74466264,bottle
photo_986@10-07-2022_18-23-48.jpg,lobelia,144.63795,32.67243,353.86197,491.76865,0.32322866,bottle
photo_987@10-07-2022_18-28-10.jpg,lobelia,195.49704,50.667057,224.86807,225.2806,0.6116855,toothbrush
photo_987@10-07-2022_18-28-10.jpg,lobelia,149.83556,46.186523,189.39194,227.06337,0.4940816,toothbrush
photo_987@10-07-2022_18-28-10.jpg,lobelia,239.10973,43.562164,278.39008,225.01598,0.4654503,toothbrush
photo_987@10-07-2022_18-28-10.jpg,lobelia,30.705103,51.73649,63.49916,369.77582,0.46186668,toothbrush
photo_987@10-07-2022_18-28-10.jpg,lobelia,119.503525,56.42292,153.37817,225.54727,0.45780805,toothbrush
photo_987@10-07-2022_18-28-10.jpg,lobelia,222.35864,50.26656,262.92267,230.99849,0.3368182,toothbrush
photo_987@10-07-2022_18-28-10.jpg,lobelia,284.97748,47.9296,320.78772,248.68602,0.32810003,toothbrush
photo_987@10-07-2022_18-28-10.jpg,lobelia,183.76672,50.14227,213.7631,225.65117,0.29286563,toothbrush
photo_987@10-07-2022_18-28-10.jpg,lobelia,73.25248,167.68661,106.53615,364.55936,0.2875364,toothbrush
photo_987@10-07-2022_18-28-10.jpg,lobelia,68.51476,39.00896,109.576065,343.57178,0.26755184,toothbrush
photo_987@10-07-2022_18-28-10.jpg,lobelia,315.16846,54.821136,353.65155,242.88765,0.26483706,toothbrush
photo_988@10-07-2022_18-28-11.jpg,lobelia,482.87732,351.20776,563.8544,753.95825,0.5350873,toothbrush
photo_988@10-07-2022_18-28-11.jpg,lobelia,394.10223,343.09198,490.09802,758.7314,0.50943065,toothbrush
photo_988@10-07-2022_18-28-11.jpg,lobelia,314.74258,327.60544,397.67966,746.3451,0.5051504,toothbrush
photo_988@10-07-2022_18-28-11.jpg,lobelia,576.9568,348.43964,661.00574,755.4406,0.4435495,toothbrush
photo_988@10-07-2022_18-28-11.jpg,lobelia,149.91,336.96713,244.22714,763.84216,0.43696856,toothbrush
photo_988@10-07-2022_18-28-11.jpg,lobelia,241.11572,341.1572,365.98157,750.4674,0.29007304,toothbrush
photo_989@10-07-2022_18-28-11.jpg,lobelia,163.13553,97.178505,213.67699,325.59378,0.5678156,toothbrush
photo_989@10-07-2022_18-28-11.jpg,lobelia,79.06476,94.22238,128.93182,342.5199,0.52103996,toothbrush
photo_989@10-07-2022_18-28-11.jpg,lobelia,212.95491,100.12923,264.54736,325.7287,0.5181328,toothbrush
photo_989@10-07-2022_18-28-11.jpg,lobelia,269.04575,102.16854,312.75748,331.11618,0.5177937,toothbrush
photo_989@10-07-2022_18-28-11.jpg,lobelia,318.72305,102.247246,368.02725,334.31522,0.46393338,toothbrush
photo_989@10-07-2022_18-28-11.jpg,lobelia,123.65408,93.700905,172.27274,327.0153,0.4506324,toothbrush
photo_991@11-07-2022_09-15-53.jpg,lobelia,337.9424,14.55542,937.5242,1233.3623,0.43204093,bottle
photo_991@11-07-2022_09-15-53.jpg,lobelia,530.6584,904.3944,693.5457,1058.3225,0.2820284,bird
photo_993@11-07-2022_09-23-52.jpg,lobelia,302.4752,49.280968,483.62952,784.7244,0.3424013,parking meter
photo_993@11-07-2022_09-23-52.jpg,lobelia,305.82373,14.594688,484.10217,762.879,0.25118384,bottle
photo_997@11-07-2022_09-31-43.jpg,lobelia,88.337944,73.286964,127.614525,239.68227,0.4536371,book
photo_997@11-07-2022_09-31-43.jpg,lobelia,68.870056,65.00829,95.61231,246.51373,0.2541817,book
photo_999@11-07-2022_09-31-43.jpg,lobelia,540.19275,331.20004,784.20264,1248.9364,0.5554851,book
photo_9@13-11-2021_18-13-10.jpg,lobelia,20.91851,9.701122,584.4399,429.5932,0.35682085,bowl
